pl_hostname,hd_name,hip_name,pl_pnum,pl_letter
HD 13189,HD 13189,HIP 10085,1,b
HD 195019,HD 195019,HIP 100970,1,b
GJ 86,HD 13445,HIP 10138,1,b
HD 196050,HD 196050,HIP 101806,1,b
HD 197037,HD 197037 A,HIP 101948,1,b
HD 196885,HD 196885 A,HIP 101966,1,b
HD 196067,HD 196067,HIP 102125,1,b
18 Del,HD 199665,HIP 103527,1,b
HD 200964,HD 200964,HIP 104202,2,c
HD 200964,HD 200964,HIP 104202,2,b
BD+14 4559,,HIP 104780,1,b
HD 202206,HD 202206,HIP 104903,2,c
HD 202206,HD 202206,HIP 104903,2,b
HD 203030,HD 203030,HIP 105232,1,b
HIP 105854,HD 203949,HIP 105854,1,b
HD 204313,HD 204313,HIP 106006,2,b
HD 204313,HD 204313,HIP 106006,2,c
HD 13931,HD 13931,HIP 10626,1,b
HD 204941,HD 204941,HIP 106353,1,b
GJ 832,HD 204961,HIP 106440,2,b
GJ 832,HD 204961,HIP 106440,2,c
HD 14067,HD 14067,HIP 10657,1,b
HD 205739,HD 205739,HIP 106824,1,b
HD 206610,HD 206610,HIP 107251,1,b
HN Peg,HD 206860,HIP 107350,1,b
HD 13908,HD 13908,HIP 10743,2,b
HD 13908,HD 13908,HIP 10743,2,c
HIP 107773,HD 207229,HIP 107773,1,b
HD 207832,HD 207832,HIP 107985,2,c
HD 207832,HD 207832,HIP 107985,2,b
HD 12648,HD 12648,HIP 10800,1,b
HD 208527,HD 208527,HIP 108296,1,b
HD 208487,HD 208487,HIP 108375,1,b
HD 209458,HD 209458,HIP 108859,1,b
HD 210277,HD 210277,HIP 109378,1,b
HIP 109384,,HIP 109384,1,b
GJ 849,,HIP 109388,1,b
HD 210702,HD 210702,HIP 109577,1,b
HIP 109600,,HIP 109600,1,b
K2-65,,HIP 109656,1,b
HD 212771,HD 212771,HIP 110813,1,b
HD 212301,HD 212301,HIP 110852,1,b
HD 213240,HD 213240,HIP 111143,1,b
HD 214823,HD 214823,HIP 111928,1,b
HD 215497,HD 215497,HIP 112441,2,c
HD 215497,HD 215497,HIP 112441,2,b
GJ 876,,HIP 113020,4,b
GJ 876,,HIP 113020,4,e
GJ 876,,HIP 113020,4,c
GJ 876,,HIP 113020,4,d
HD 216435,HD 216435,HIP 113044,1,b
HD 216437,HD 216437,HIP 113137,1,b
HD 216770,HD 216770,HIP 113238,1,b
51 Peg,HD 217014,HIP 113357,1,b
Fomalhaut,HD 216956,HIP 113368,1,b
HD 217107,HD 217107,HIP 113421,2,b
HD 217107,HD 217107,HIP 113421,2,c
HD 217786,HD 217786 A,HIP 113834,1,b
WASP-33,HD 15082,HIP 11397,1,b
HR 8799,HD 218396,HIP 114189,4,b
HR 8799,HD 218396,HIP 114189,4,d
HR 8799,HD 218396,HIP 114189,4,e
HR 8799,HD 218396,HIP 114189,4,c
HD 218566,HD 218566,HIP 114322,1,b
HD 219134,HD 219134,HIP 114622,6,b
HD 219134,HD 219134,HIP 114622,6,g
HD 219134,HD 219134,HIP 114622,6,f
HD 219134,HD 219134,HIP 114622,6,d
HD 219134,HD 219134,HIP 114622,6,c
HD 219134,HD 219134,HIP 114622,6,h
HD 219077,HD 219077,HIP 114699,1,b
HD 240237,HD 240237,HIP 114840,1,b
91 Aqr,HD 219449,HIP 114855,1,b
HD 219828,HD 219828,HIP 115100,2,c
HD 219828,HD 219828,HIP 115100,2,b
HD 220074,HD 220074,HIP 115218,1,b
HD 220689,HD 220689,HIP 115662,1,b
HD 220773,HD 220773,HIP 115697,1,b
HD 220842,HD 220842,HIP 115714,1,b
14 And,HD 221345,HIP 116076,1,b
HD 221287,HD 221287,HIP 116084,1,b
HD 221585,HD 221585,HIP 116221,1,b
HIP 116454,,HIP 116454,1,b
HD 222155,HD 222155,HIP 116616,1,b
gam Cep,HD 222404,HIP 116727,1,b
kap And,HD 222439,HIP 116805,1,b
HD 222582,HD 222582,HIP 116906,1,b
75 Cet,HD 15779,HIP 11791,1,b
HD 224693,HD 224693,HIP 118319,1,b
HD 16141,HD 16141,HIP 12048,1,b
30 Ari B,HD 16232,HIP 12184,1,b
HD 16417,HD 16417,HIP 12186,1,b
HD 16175,HD 16175,HIP 12191,1,b
81 Cet,HD 16400,HIP 12247,1,b
HR 810,HD 17051,HIP 12653,1,b
GJ 3021,HD 1237,HIP 1292,1,b
HIP 12961,,HIP 12961,1,b
HD 17156,HD 17156,HIP 13192,1,b
HD 18742,HD 18742,HIP 13993,1,b
GJ 15 A,HD 1326 A,HIP 1475,1,b
HIP 14810,,HIP 14810,3,c
HIP 14810,,HIP 14810,3,d
HIP 14810,,HIP 14810,3,b
HD 19994,HD 19994,HIP 14954,1,b
HD 1461,HD 1461,HIP 1499,2,b
HD 1461,HD 1461,HIP 1499,2,c
HD 1502,HD 1502,HIP 1547,1,b
HD 20794,HD 20794,HIP 15510,3,b
HD 20794,HD 20794,HIP 15510,3,c
HD 20794,HD 20794,HIP 15510,3,d
HD 20782,HD 20782,HIP 15527,1,b
HD 20868,HD 20868,HIP 15578,1,b
HD 1605,HD 1605,HIP 1640,2,b
HD 1605,HD 1605,HIP 1640,2,c
eps Eri,HD 22049,HIP 16537,1,b
HD 1666,HD 1666,HIP 1666,1,b
HD 1690,HD 1690,HIP 1692,1,b
HD 23127,HD 23127,HIP 17054,1,b
HD 23079,HD 23079,HIP 17096,1,b
HD 22781,HD 22781,HIP 17187,1,b
HD 23596,HD 23596,HIP 17747,1,b
HD 24040,HD 24040,HIP 17960,1,b
HD 25171,HD 25171,HIP 18387,1,b
HD 24064,HD 24064,HIP 18451,1,b
HD 285507,HD 285507,HIP 19207,1,b
HD 2039,HD 2039,HIP 1931,1,b
GJ 163,,HIP 19394,3,d
GJ 163,,HIP 19394,3,b
GJ 163,,HIP 19394,3,c
HD 27442,HD 27442,HIP 19921,1,b
HD 27631,HD 27631,HIP 20199,1,b
HD 27894,HD 27894,HIP 20277,1,b
HD 28254,HD 28254,HIP 20606,1,b
HD 28185,HD 28185,HIP 20723,1,b
eps Tau,HD 28305,HIP 20889,1,b
HD 28678,HD 28678,HIP 21109,1,b
alf Tau,HD 29139,HIP 21421,1,b
51 Eri,HD 29391,HIP 21547,1,b
HD 30177,HD 30177,HIP 21850,1,b
HD 285968,HD 285968,HIP 21932,1,b
HD 30669,HD 30669,HIP 22320,1,b
HD 30562,HD 30562,HIP 22336,1,b
BD-17 63,,HIP 2247,1,b
HD 30856,HD 30856,HIP 22491,1,b
GJ 179,,HIP 22627,1,b
HD 31253,HD 31253,HIP 22826,1,b
HD 2638,HD 2638 B,HIP 2350,1,b
HD 33142,HD 33142,HIP 23844,1,b
HD 32963,HD 32963,HIP 23884,1,b
HD 33283,HD 33283,HIP 23889,1,b
HD 32518,HD 32518,HIP 24003,1,b
Kapteyn,HD 33793,HIP 24186,1,c
HD 33844,HD 33844,HIP 24275,2,b
HD 33844,HD 33844,HIP 24275,2,c
KELT-7,HD 33643,HIP 24323,1,b
HD 34445,HD 34445,HIP 24681,1,b
HD 33564,HD 33564,HIP 25110,1,b
HD 290327,HD 290327,HIP 25191,1,b
HD 35759,HD 35759,HIP 25883,1,b
HD 2952,HD 2952,HIP 2611,1,b
HD 38283,HD 38283,HIP 26380,1,b
HD 37124,HD 37124,HIP 26381,3,c
HD 37124,HD 37124,HIP 26381,3,b
HD 37124,HD 37124,HIP 26381,3,d
HD 39091,HD 39091,HIP 26394,1,b
HD 37605,HD 37605,HIP 26664,2,b
HD 37605,HD 37605,HIP 26664,2,c
HD 38529,HD 38529,HIP 27253,2,c
HD 38529,HD 38529,HIP 27253,2,b
bet Pic,HD 39060,HIP 27321,1,b
HD 38801,HD 38801,HIP 27384,1,b
BD-06 1339,,HIP 27803,2,c
BD-06 1339,,HIP 27803,2,b
HD 40307,HD 40307,HIP 27887,5,b
HD 40307,HD 40307,HIP 27887,5,d
HD 40307,HD 40307,HIP 27887,5,f
HD 40307,HD 40307,HIP 27887,5,c
HD 40307,HD 40307,HIP 27887,5,g
HD 41004 A,HD 41004 A,HIP 28393 A,1,b
HD 41004 B,HD 41004 B,HIP 28393 B,1,b
HD 40979,HD 40979,HIP 28767,1,b
KELT-2 A,HD 42176,HIP 29301,1,b
HD 43197,HD 43197,HIP 29550,1,b
AB Pic,HD 44627,HIP 30034,1,b
HD 43691,HD 43691,HIP 30057,1,b
HD 44219,HD 44219,HIP 30114,1,b
HD 45364,HD 45364,HIP 30579,2,c
HD 45364,HD 45364,HIP 30579,2,b
HD 45350,HD 45350,HIP 30860,1,b
HD 45652,HD 45652,HIP 30905,1,b
HD 3651,HD 3651,HIP 3093,1,b
6 Lyn,HD 45410,HIP 31039,1,b
HD 46375,HD 46375,HIP 31246,1,b
HD 47186,HD 47186,HIP 31540,2,c
HD 47186,HD 47186,HIP 31540,2,b
7 CMa,HD 47205,HIP 31592,1,b
HD 47536,HD 47536,HIP 31688,1,b
HD 48265,HD 48265,HIP 31895,1,b
HAT-P-56,HD 262389,HIP 32209,1,b
HD 49674,HD 49674,HIP 32916,1,b
HD 50499,HD 50499,HIP 32970,1,b
HD 50554,HD 50554,HIP 33212,1,b
HD 52265,HD 52265,HIP 33719,1,b
HD 4113,HD 4113,HIP 3391,1,b
tau Gem,HD 54719,HIP 34693,1,b
HD 4208,HD 4208,HIP 3479,1,b
HD 4308,HD 4308,HIP 3497,1,b
HD 4203,HD 4203,HIP 3502,2,b
HD 4203,HD 4203,HIP 3502,2,c
HD 4313,HD 4313,HIP 3574,1,b
HD 59686 A,HD 59686,HIP 36616,1,b
HD 60532,HD 60532,HIP 36795,2,b
HD 60532,HD 60532,HIP 36795,2,c
HD 63454,HD 63454,HIP 37284,1,b
HD 62509,HD 62509,HIP 37826,1,b
HD 63765,HD 63765,HIP 38041,1,b
HD 4732,HD 4732,HIP 3834,2,b
HD 4732,HD 4732,HIP 3834,2,c
HD 65216,HD 65216,HIP 38558,2,c
HD 65216,HD 65216,HIP 38558,2,b
HD 66141,HD 66141,HIP 39311,1,b
HD 66428,HD 66428,HIP 39417,1,b
HD 67087,HD 67087,HIP 39767,2,c
HD 67087,HD 67087,HIP 39767,2,b
bet Cnc,HD 69267,HIP 40526,1,b
HD 68988,HD 68988,HIP 40687,1,b
HD 69830,HD 69830,HIP 40693,3,b
HD 69830,HD 69830,HIP 40693,3,c
HD 69830,HD 69830,HIP 40693,3,d
HD 70642,HD 70642,HIP 40952,1,b
HIP 41378,,HIP 41378,5,f
HIP 41378,,HIP 41378,5,b
HIP 41378,,HIP 41378,5,d
HIP 41378,,HIP 41378,5,c
HIP 41378,,HIP 41378,5,e
omi UMa,HD 71369,HIP 41704,1,b
HD 72659,HD 72659,HIP 42030,1,b
HD 73267,HD 73267,HIP 42202,1,b
HD 73256,HD 73256,HIP 42214,1,b
HD 73526,HD 73526,HIP 42282,2,c
HD 73526,HD 73526,HIP 42282,2,b
HD 73534,HD 73534,HIP 42446,1,b
4 UMa,HD 73108,HIP 42527,1,b
HD 74156,HD 74156,HIP 42723,2,b
HD 74156,HD 74156,HIP 42723,2,c
HD 5319,HD 5319,HIP 4297,2,c
HD 5319,HD 5319,HIP 4297,2,b
HD 75289,HD 75289,HIP 43177,1,b
HD 75784,HD 75784,HIP 43569,1,b
55 Cnc,HD 75732,HIP 43587,5,d
55 Cnc,HD 75732,HIP 43587,5,c
55 Cnc,HD 75732,HIP 43587,5,e
55 Cnc,HD 75732,HIP 43587,5,b
55 Cnc,HD 75732,HIP 43587,5,f
HD 75898,HD 75898,HIP 43674,1,b
HD 76700,HD 76700,HIP 43686,1,b
GJ 328,,HIP 43790,1,b
HD 77338,HD 77338,HIP 44291,1,b
HD 79498,HD 79498,HIP 45406,1,b
HD 5608,HD 5608,HIP 4552,1,b
HD 80606,HD 80606,HIP 45982,1,b
HD 81040,HD 81040,HIP 46076,1,b
HD 81688,HD 81688,HIP 46471,1,b
HD 82943,HD 82943,HIP 47007,2,c
HD 82943,HD 82943,HIP 47007,2,b
HD 82886,HD 82886,HIP 47087,1,b
HD 5891,HD 5891,HIP 4715,1,b
HD 83443,HD 83443,HIP 47202,1,b
HD 85390,HD 85390,HIP 48235,1,b
HD 85512,HD 85512,HIP 48331,1,b
mu Leo,HD 85503,HIP 48455,1,b
HD 86081,HD 86081,HIP 48711,1,b
HD 86226,HD 86226,HIP 48739,1,b
HD 86264,HD 86264,HIP 48780,1,b
BD-08 2823,,HIP 49067,2,b
BD-08 2823,,HIP 49067,2,c
HD 87883,HD 87883,HIP 49699,1,b
HD 88133,HD 88133,HIP 49813,1,b
HD 89307,HD 89307,HIP 50473,1,b
HD 6434,HD 6434,HIP 5054,1,b
gam 1 Leo,HD 89484,HIP 50583 A,1,b
HD 89744,HD 89744,HIP 50786,1,b
24 Sex,HD 90043,HIP 50887,2,b
24 Sex,HD 90043,HIP 50887,2,c
HD 90156,HD 90156,HIP 50921,1,b
KELT-4 A,,HIP 51260 A,1,b
HIP 5158,,HIP 5158,2,c
HIP 5158,,HIP 5158,2,b
HD 142,HD 142,HIP 522,2,b
HD 142,HD 142,HIP 522,2,c
HD 92788,HD 92788,HIP 52409,1,b
HD 93083,HD 93083,HIP 52521,1,b
HD 6718,HD 6718,HIP 5301,1,b
HD 95086,HD 95086,HIP 53524,1,b
HD 95089,HD 95089,HIP 53666,1,b
47 UMa,HD 95128,HIP 53721,3,c
47 UMa,HD 95128,HIP 53721,3,d
47 UMa,HD 95128,HIP 53721,3,b
HD 95127,HD 95127,HIP 53733,1,b
HD 96063,HD 96063,HIP 54158,1,b
HD 96167,HD 96167,HIP 54195,1,b
HD 96127,HD 96127,HIP 54232,1,b
HD 97658,HD 97658,HIP 54906,1,b
HD 98219,HD 98219,HIP 55174,1,b
HD 7199,HD 7199,HIP 5529,1,b
HD 98649,HD 98649,HIP 55409,1,b
HD 99109,HD 99109,HIP 55664,1,b
HD 99492,HD 99492,HIP 55848,1,b
HD 99706,HD 99706,HIP 55994,1,b
HD 100546,HD 100546,HIP 56379,1,b
HD 100655,HD 100655,HIP 56508,1,b
GJ 433,,HIP 56528,1,b
HD 100777,HD 100777,HIP 56572,1,b
HIP 57050,,HIP 57050,1,b
GJ 436,,HIP 57087,1,b
HD 101930,HD 101930,HIP 57172,1,b
HIP 57274,,HIP 57274,3,d
HIP 57274,,HIP 57274,3,c
HIP 57274,,HIP 57274,3,b
HD 102117,HD 102117,HIP 57291,1,b
HD 102195,HD 102195,HIP 57370,1,b
HD 102272,HD 102272,HIP 57428,1,b
HD 102365,HD 102365,HIP 57443,1,b
HD 102329,HD 102329,HIP 57467,1,b
HD 102956,HD 102956,HIP 57820,1,b
HD 103197,HD 103197,HIP 57931,1,b
HD 7449,HD 7449,HIP 5806,1,b
HD 103720,HD 103720,HIP 58237,1,b
HD 103774,HD 103774,HIP 58263,1,b
HD 104067,HD 104067,HIP 58451,1,b
HD 104985,HD 104985,HIP 58952,1,b
HD 106252,HD 106252,HIP 59610,1,b
HD 106270,HD 106270,HIP 59625,1,b
HD 106515 A,HD 106515 A,HIP 59743 A,1,b
HD 106906,HD 106906,HIP 59960,1,b
HD 107148,HD 107148,HIP 60081,1,b
11 Com,HD 107383,HIP 60202,1,b
HD 108147,HD 108147,HIP 60644,1,b
HD 108341,HD 108341,HIP 60788,1,b
HD 108863,HD 108863,HIP 61020,1,b
HD 108874,HD 108874,HIP 61028,2,c
HD 108874,HD 108874,HIP 61028,2,b
HD 109246,HD 109246,HIP 61177,1,b
HD 109271,HD 109271,HIP 61300,2,b
HD 109271,HD 109271,HIP 61300,2,c
HD 109749,HD 109749,HIP 61595 A,1,b
HD 110014,HD 110014,HIP 61740,1,b
HD 111232,HD 111232,HIP 62534,1,b
HIP 63242,HD 112410,HIP 63242,1,b
Ross 458,,HIP 63510,1,c
HD 113337,HD 113337,HIP 63584,1,b
HD 7924,HD 7924,HIP 6379,3,c
HD 7924,HD 7924,HIP 6379,3,d
HD 7924,HD 7924,HIP 6379,3,b
HD 113538,HD 113538,HIP 63833,2,b
HD 113538,HD 113538,HIP 63833,2,c
HD 114386,HD 114386,HIP 64295,1,b
HD 114613,HD 114613,HIP 64408,1,b
HD 114762,HD 114762,HIP 64426,1,b
HD 114783,HD 114783,HIP 64457,1,b
HD 114729,HD 114729,HIP 64459,1,b
GJ 504,HD 115383,HIP 64792,1,b
61 Vir,HD 115617,HIP 64924,3,b
61 Vir,HD 115617,HIP 64924,3,c
61 Vir,HD 115617,HIP 64924,3,d
HD 8535,HD 8535,HIP 6511,1,b
HD 116029,HD 116029,HIP 65117,1,b
HIP 65407,,HIP 65407,2,b
HIP 65407,,HIP 65407,2,c
70 Vir,HD 117176,HIP 65721,1,b
HD 117207,HD 117207,HIP 65808,1,b
HIP 65891,HD 117253,HIP 65891,1,b
HD 117618,HD 117618,HIP 66047,1,b
HD 118203,HD 118203,HIP 66192,1,b
HD 8574,HD 8574,HIP 6643,1,b
HD 120084,HD 120084,HIP 66903,1,b
HD 8673,HD 8673,HIP 6702,1,b
tau Boo,HD 120136,HIP 67275,1,b
HIP 67851,HD 121056,HIP 67851,2,b
HIP 67851,HD 121056,HIP 67851,2,c
HD 121504,HD 121504,HIP 68162,1,b
HD 125612,HD 125612,HIP 70123,3,b
HD 125612,HD 125612,HIP 70123,3,c
HD 125612,HD 125612,HIP 70123,3,d
HD 125595,HD 125595,HIP 70170,1,b
HD 126614,HD 126614,HIP 70623,1,b
HIP 70849,,HIP 70849,1,b
HD 128311,HD 128311,HIP 71395,2,c
HD 128311,HD 128311,HIP 71395,2,b
HD 129445,HD 129445,HIP 72203,1,b
HD 130322,HD 130322,HIP 72339,1,b
HD 9446,HD 9446,HIP 7245,2,b
HD 9446,HD 9446,HIP 7245,2,c
bet UMi,HD 131873,HIP 72607,1,b
HD 131496,HD 131496,HIP 72845,1,b
HD 131399 A,HD 131399 A,HIP 72940 A,1,b
8 UMi,HD 133086,HIP 73136,1,b
HD 132406,HD 132406,HIP 73146,1,b
HD 132563,HD 132563,HIP 73261 A,1,b
HD 131664,HD 131664,HIP 73408,1,b
HD 134987,HD 134987,HIP 74500,2,c
HD 134987,HD 134987,HIP 74500,2,b
11 UMi,HD 136726,HIP 74793,1,b
HIP 74890,HD 135760,HIP 74890,1,b
HD 136418,HD 136418,HIP 74961,1,b
GJ 581,,HIP 74995,3,e
GJ 581,,HIP 74995,3,b
GJ 581,,HIP 74995,3,c
omi CrB,HD 136512,HIP 75049,1,b
ups And,HD 9826,HIP 7513,4,d
ups And,HD 9826,HIP 7513,4,e
ups And,HD 9826,HIP 7513,4,c
ups And,HD 9826,HIP 7513,4,b
HIP 75458,HD 137759,HIP 75458,1,b
WASP-18,HD 10069,HIP 7562,1,b
HD 10180,HD 10180,HIP 7599,6,d
HD 10180,HD 10180,HIP 7599,6,h
HD 10180,HD 10180,HIP 7599,6,e
HD 10180,HD 10180,HIP 7599,6,f
HD 10180,HD 10180,HIP 7599,6,g
HD 10180,HD 10180,HIP 7599,6,c
HD 139357,HD 139357,HIP 76311,1,b
HD 137388 A,HD 137388 A,HIP 76351,1,b
HD 141399,HD 141399,HIP 77301,4,c
HD 141399,HD 141399,HIP 77301,4,b
HD 141399,HD 141399,HIP 77301,4,d
HD 141399,HD 141399,HIP 77301,4,e
HD 330075,HD 330075,HIP 77517,1,b
ome Ser,HD 141680,HIP 77578,1,b
kap CrB,HD 142091,HIP 77655,1,b
HD 141937,HD 141937,HIP 77740,1,b
HD 142245,HD 142245,HIP 77783,1,b
HD 143105,HD 143105,HIP 77838,1,b
eps CrB,HD 143107,HIP 78159,1,b
HD 142415,HD 142415,HIP 78169,1,b
BD+15 2940,,HIP 78407,1,b
HD 143361,HD 143361,HIP 78521,1,b
HIP 78530,HD 143567,HIP 78530,1,b
HD 145457,HD 145457,HIP 79219,1,b
HD 142022 A,HD 142022 A,HIP 79242,1,b
14 Her,HD 145675,HIP 79248,1,b
HD 145377,HD 145377,HIP 79346,1,b
HIP 79431,,HIP 79431,1,b
HD 10647,HD 10647,HIP 7978,1,b
HAT-P-2,HD 147506,HIP 80076,1,b
HD 564,HD 564,HIP 801,1,b
HD 147018,HD 147018,HIP 80250,2,b
HD 147018,HD 147018,HIP 80250,2,c
HD 147513,HD 147513,HIP 80337,1,b
HD 148156,HD 148156,HIP 80680,1,b
HD 148427,HD 148427,HIP 80687,1,b
Wolf 1061,,HIP 80824,3,d
Wolf 1061,,HIP 80824,3,b
Wolf 1061,,HIP 80824,3,c
HD 149026,HD 149026,HIP 80838,1,b
HD 150706,HD 150706,HIP 80902,1,b
HD 149143,HD 149143,HIP 81022,1,b
HD 10697,HD 10697,HIP 8159,1,b
HD 152079,HD 152079,HIP 82632,1,b
HD 152581,HD 152581,HIP 82651,1,b
GJ 649,,HIP 83043,1,b
HD 154345,HD 154345,HIP 83389,1,b
HD 153950,HD 153950,HIP 83547,1,b
HD 155358,HD 155358,HIP 83949,2,b
HD 155358,HD 155358,HIP 83949,2,c
HD 154672,HD 154672,HIP 83983,1,b
HD 155233,HD 155233,HIP 84056,1,b
HD 154857,HD 154857,HIP 84069,2,b
HD 154857,HD 154857,HIP 84069,2,c
HD 156279,HD 156279,HIP 84171,1,b
GJ 3998,,HIP 84460,2,b
GJ 3998,,HIP 84460,2,c
HD 156668,HD 156668,HIP 84607,1,b
HD 156411,HD 156411,HIP 84787,1,b
HD 156846,HD 156846,HIP 84856,1,b
HD 158038,HD 158038,HIP 85294,1,b
HIP 8541,HD 11343,HIP 8541,1,b
GJ 674,,HIP 85523,1,b
GJ 676 A,,HIP 85647,3,d
GJ 676 A,,HIP 85647,3,b
GJ 676 A,,HIP 85647,3,e
HD 159243,HD 159243,HIP 85911,2,c
HD 159243,HD 159243,HIP 85911,2,b
GJ 687,,HIP 86162,1,b
HD 159868,HD 159868,HIP 86375,2,b
HD 159868,HD 159868,HIP 86375,2,c
psi Dra B,HD 162004,HIP 86620,1,b
HD 160691,HD 160691,HIP 86796,4,b
HD 160691,HD 160691,HIP 86796,4,d
HD 160691,HD 160691,HIP 86796,4,e
HD 160691,HD 160691,HIP 86796,4,c
HD 162020,HD 162020,HIP 87330,1,b
HD 163607,HD 163607,HIP 87601,2,c
HD 163607,HD 163607,HIP 87601,2,b
HD 11506,HD 11506,HIP 8770,2,c
HD 11506,HD 11506,HIP 8770,2,b
nu Oph,HD 163917,HIP 88048,2,c
nu Oph,HD 163917,HIP 88048,2,b
HD 164595,HD 164595,HIP 88194,1,b
HD 164509,HD 164509,HIP 88268,1,b
HD 164922,HD 164922,HIP 88348,1,b
HD 164604,HD 164604,HIP 88414,1,b
HD 167042,HD 167042,HIP 89047,1,b
HD 11977,HD 11977,HIP 8928,1,b
HD 166724,HD 166724,HIP 89354,1,b
HD 168443,HD 168443,HIP 89844,2,c
HD 168443,HD 168443,HIP 89844,2,b
HD 168746,HD 168746,HIP 90004,1,b
42 Dra,HD 170693,HIP 90344,1,b
HD 169830,HD 169830,HIP 90485,2,b
HD 169830,HD 169830,HIP 90485,2,c
HD 170469,HD 170469,HIP 90593,1,b
HD 11964,HD 11964,HIP 9094,2,c
HD 11964,HD 11964,HIP 9094,2,b
BD-11 4672,,HIP 90979,1,b
HD 171238,HD 171238,HIP 91085,1,b
HIP 91258,,HIP 91258,1,b
HD 173416,HD 173416,HIP 91852,1,b
HD 11755,HD 11755,HIP 9242,1,b
HD 175541,HD 175541,HIP 92895,1,b
HD 175167,HD 175167,HIP 93281,1,b
HD 175607,HD 175607,HIP 93373,1,b
HD 177830,HD 177830 A,HIP 93746,2,c
HD 177830,HD 177830 A,HIP 93746,2,b
HD 178911 B,HD 178911 B,HIP 94075,1,b
Kepler-21,HD 179070,HIP 94112,1,b
HD 179079,HD 179079,HIP 94256,1,b
HD 180314,HD 180314,HIP 94576,1,b
HD 179949,HD 179949,HIP 94645,1,b
Kepler-444,,HIP 94931,5,d
Kepler-444,,HIP 94931,5,b
Kepler-444,,HIP 94931,5,c
Kepler-444,,HIP 94931,5,f
Kepler-444,,HIP 94931,5,e
HD 180902,HD 180902,HIP 94951,1,b
HD 181342,HD 181342,HIP 95124,1,b
HD 12484,HD 12484,HIP 9519,1,b
HD 181720,HD 181720,HIP 95262,1,b
HD 181433,HD 181433,HIP 95467,3,d
HD 181433,HD 181433,HIP 95467,3,c
HD 181433,HD 181433,HIP 95467,3,b
HD 183263,HD 183263,HIP 95740,2,b
HD 183263,HD 183263,HIP 95740,2,c
HD 231701,HD 231701,HIP 96078,1,b
HD 185269,HD 185269,HIP 96507,1,b
HD 12661,HD 12661,HIP 9683,2,c
HD 12661,HD 12661,HIP 9683,2,b
16 Cyg B,HD 186427,HIP 96901,1,b
HIP 97233,HD 186641,HIP 97233,1,b
HD 187123,HD 187123,HIP 97336,2,c
HD 187123,HD 187123,HIP 97336,2,b
HD 187085,HD 187085,HIP 97546,1,b
HAT-P-11,,HIP 97657,1,b
HD 188015,HD 188015,HIP 97769,1,b
xi Aql,HD 188310,HIP 97938,1,b
HD 189733,HD 189733,HIP 98505,1,b
HD 190360,HD 190360,HIP 98767,2,c
HD 190360,HD 190360,HIP 98767,2,b
alf Ari,HD 12929,HIP 9884,1,b
HD 190647,HD 190647,HIP 99115,1,b
HD 191806,HD 191806,HIP 99306,1,b
HD 190984,HD 190984,HIP 99496,1,b
HD 192263,HD 192263,HIP 99711,1,b
HD 192310,HD 192310,HIP 99825,2,b
HD 192310,HD 192310,HIP 99825,2,c
HD 192699,HD 192699,HIP 99894,1,b
Kepler-519,,,1,b
Kepler-520,,,2,b
Kepler-520,,,2,c
Kepler-521,,,1,b
Kepler-522,,,1,b
Kepler-523,,,1,b
Kepler-524,,,2,b
Kepler-524,,,2,c
Kepler-525,,,1,b
Kepler-526,,,1,b
Kepler-527,,,1,b
Kepler-528,,,1,b
Kepler-529,,,2,b
Kepler-529,,,2,c
Kepler-530,,,1,b
Kepler-531,,,1,b
Kepler-532,,,1,b
Kepler-533,,,1,b
Kepler-534,,,1,b
Kepler-535,,,1,b
Kepler-536,,,1,b
Kepler-537,,,1,b
Kepler-538,,,1,b
Kepler-539,,,2,b
Kepler-540,,,1,b
Kepler-541,,,1,b
Kepler-542,,,1,b
Kepler-543,,,1,b
Kepler-544,,,1,b
Kepler-148,,,3,d
2MASS J19383260+4603591,,,1,b
MOA 2010-BLG-328L,,,1,b
MOA 2011-BLG-262L,,,1,b
HATS-8,,,1,b
HAT-P-1,,,1,b
K2-21,,,2,b
K2-21,,,2,c
K2-30,,,1,b
Kepler-751,,,1,b
Kepler-752,,,1,b
Kepler-753,,,1,b
Kepler-754,,,1,b
Kepler-755,,,2,b
Kepler-755,,,2,c
Kepler-756,,,1,b
Kepler-757,,,1,b
Kepler-758,,,4,b
Kepler-758,,,4,c
Kepler-758,,,4,d
Kepler-758,,,4,e
Kepler-759,,,1,b
Kepler-760,,,2,b
Kepler-760,,,2,c
Kepler-761,,,1,b
Kepler-762,,,1,b
Kepler-763,,,1,b
Kepler-764,,,1,b
Kepler-765,,,1,b
Kepler-766,,,1,b
Kepler-767,,,1,b
Kepler-768,,,1,b
Kepler-769,,,2,b
Kepler-769,,,2,c
Kepler-770,,,3,b
Kepler-770,,,3,c
Kepler-770,,,3,d
Kepler-771,,,1,b
Kepler-772,,,1,b
Kepler-773,,,1,b
Kepler-774,,,1,b
Kepler-775,,,1,b
Kepler-776,,,1,b
Kepler-777,,,1,b
Kepler-778,,,1,b
Kepler-779,,,1,b
Kepler-780,,,1,b
Kepler-271,,,3,d
Kepler-781,,,1,b
Kepler-782,,,1,b
Kepler-783,,,1,b
Kepler-784,,,1,b
Kepler-785,,,1,b
Kepler-786,,,1,b
Kepler-787,,,1,b
Kepler-788,,,1,b
Kepler-789,,,1,b
Kepler-790,,,1,b
Kepler-791,,,1,b
Kepler-792,,,1,b
Kepler-793,,,1,b
Kepler-794,,,1,b
Kepler-795,,,1,b
Kepler-796,,,1,b
Kepler-797,,,1,b
Kepler-798,,,1,b
Kepler-799,,,1,b
Kepler-800,,,1,b
Kepler-801,,,1,b
Kepler-802,,,1,b
Kepler-803,,,1,b
Kepler-804,,,2,b
Kepler-804,,,2,c
Kepler-805,,,1,b
Kepler-806,,,1,b
Kepler-807,,,1,b
Kepler-808,,,1,b
Kepler-809,,,1,b
Kepler-810,,,1,b
Kepler-811,,,1,b
Kepler-812,,,1,b
Kepler-813,,,1,b
Kepler-814,,,1,b
Kepler-815,,,1,b
Kepler-816,,,1,b
Kepler-817,,,1,b
Kepler-545,,,1,b
Kepler-546,,,1,b
Kepler-547,,,1,b
Kepler-548,,,1,b
Kepler-549,,,2,b
Kepler-549,,,2,c
Kepler-550,,,1,b
Kepler-551,,,1,b
Kepler-552,,,1,b
Kepler-553,,,2,b
Kepler-553,,,2,c
Kepler-154,,,5,d
Kepler-154,,,5,e
Kepler-154,,,5,f
Kepler-554,,,1,b
KELT-8,HD 343246,,1,b
KELT-6,,,2,c
K2-22,,,1,b
WASP-47,,,4,c
WASP-47,,,4,d
WASP-47,,,4,e
WASP-41,,,2,c
K2-3,,,3,b
Kepler-623,,,1,b
HAT-P-20,,,1,b
Kepler-202,,,2,c
HAT-P-49,HD 340099,,1,b
Kepler-26,,,4,c
Kepler-295,,,3,b
Kepler-328,,,2,c
Kepler-339,,,3,d
Kepler-383,,,2,c
Kepler-430,,,2,c
WASP-70 A,HD 358155,,1,b
K2-13,,,1,b
Kepler-583,,,1,b
Kepler-584,,,1,b
Kepler-585,,,1,b
Kepler-176,,,4,e
Kepler-586,,,1,b
Kepler-587,,,1,b
Kepler-588,,,1,b
Kepler-589,,,1,b
Kepler-590,,,1,b
Kepler-591,,,1,b
Kepler-592,,,1,b
Kepler-593,,,1,b
Kepler-594,,,1,b
Kepler-595,,,1,b
Kepler-596,,,1,b
Kepler-597,,,1,b
Kepler-598,,,1,b
Kepler-599,,,1,b
Kepler-600,,,1,b
Kepler-601,,,1,b
Kepler-602,,,1,b
Kepler-603,,,3,b
Kepler-603,,,3,c
Kepler-603,,,3,d
Kepler-604,,,1,b
Kepler-605,,,2,b
Kepler-605,,,2,c
Kepler-606,,,1,b
Kepler-607,,,1,b
Kepler-608,,,1,b
Kepler-609,,,1,b
Kepler-610,,,2,b
Kepler-610,,,2,c
Kepler-191,,,3,d
Kepler-611,,,1,b
Kepler-192,,,3,d
Kepler-612,,,1,b
Kepler-613,,,1,b
Kepler-614,,,1,b
Kepler-615,,,1,b
Kepler-616,,,2,b
Kepler-616,,,2,c
Kepler-617,,,1,b
Kepler-618,,,1,b
Kepler-619,,,2,b
Kepler-619,,,2,c
Kepler-620,,,1,b
Kepler-621,,,1,b
Kepler-622,,,1,b
K2-28,,,1,b
K2-19,,,3,d
K2-31,,,1,b
K2-32,,,3,b
K2-32,,,3,d
K2-32,,,3,c
WASP-119,,,1,b
WASP-124,,,1,b
WASP-126,,,1,b
WASP-129,,,1,b
WASP-133,,,1,b
Kepler-198,,,3,d
Kepler-624,,,1,b
Kepler-625,,,2,b
Kepler-625,,,2,c
Kepler-626,,,1,b
Kepler-627,,,1,b
Kepler-628,,,1,b
Kepler-629,,,1,b
Kepler-630,,,1,b
Kepler-631,,,1,b
Kepler-632,,,1,b
Kepler-633,,,1,b
Kepler-634,,,1,b
Kepler-635,,,1,b
Kepler-636,,,1,b
Kepler-637,,,1,b
Kepler-638,,,1,b
Kepler-639,,,1,b
Kepler-640,,,1,b
Kepler-641,,,1,b
Kepler-642,,,1,b
Kepler-643,,,1,b
Kepler-644,,,1,b
Kepler-645,,,1,b
Kepler-646,,,1,b
Kepler-647,,,1,b
Kepler-648,,,1,b
Kepler-649,,,1,b
Kepler-650,,,1,b
Kepler-651,,,1,b
Kepler-217,,,3,d
Kepler-218,,,3,d
Kepler-652,,,1,b
Kepler-653,,,2,b
Kepler-653,,,2,c
Kepler-654,,,1,b
Kepler-655,,,1,b
Kepler-656,,,1,b
Kepler-657,,,1,b
Kepler-658,,,1,b
Kepler-659,,,1,b
Kepler-660,,,1,b
Kepler-661,,,1,b
Kepler-662,,,1,b
Kepler-663,,,1,b
Kepler-664,,,1,b
Kepler-665,,,1,b
Kepler-666,,,1,b
Kepler-667,,,1,b
Kepler-668,,,1,b
Kepler-669,,,1,b
Kepler-670,,,1,b
Kepler-671,,,1,b
Kepler-672,,,1,b
Kepler-673,,,1,b
Kepler-674,,,1,b
Kepler-675,,,1,b
Kepler-676,,,1,b
Kepler-677,,,1,b
Kepler-678,,,1,b
Kepler-679,,,1,b
KOI-94,,,4,d
GJ 1132,,,1,b
K2-27,,,1,b
Pr0211,,,2,c
K2-24,,,2,b
K2-24,,,2,c
Kepler-680,,,1,b
Kepler-681,,,1,b
Kepler-682,,,1,b
Kepler-683,,,1,b
Kepler-684,,,1,b
Kepler-685,,,1,b
Kepler-686,,,1,b
Kepler-687,,,1,b
Kepler-688,,,1,b
Kepler-689,,,1,b
Kepler-690,,,1,b
Kepler-691,,,1,b
Kepler-692,,,1,b
Kepler-693,,,1,b
Kepler-694,,,1,b
Kepler-695,,,1,b
Kepler-696,,,1,b
Kepler-697,,,1,b
Kepler-698,,,1,b
Kepler-699,,,1,b
Kepler-700,,,1,b
Kepler-701,,,1,b
Kepler-702,,,1,b
Kepler-703,,,1,b
Kepler-704,,,1,b
Kepler-705,,,1,b
Kepler-706,,,1,b
Kepler-707,,,1,b
Kepler-708,,,1,b
Kepler-709,,,1,b
Kepler-245,,,4,e
Kepler-710,,,1,b
Kepler-711,,,1,b
Kepler-712,,,2,b
Kepler-712,,,2,c
Kepler-713,,,1,b
Kepler-714,,,1,b
Kepler-715,,,1,b
Kepler-716,,,1,b
Kepler-717,,,1,b
Kepler-718,,,1,b
Kepler-719,,,1,b
Kepler-720,,,1,b
Kepler-721,,,1,b
Kepler-722,,,2,b
Kepler-722,,,2,c
Kepler-723,,,1,b
Kepler-724,,,1,b
Kepler-725,,,1,b
Kepler-726,,,1,b
Kepler-727,,,1,b
Kepler-728,,,1,b
Kepler-729,,,1,b
Kepler-730,,,1,b
Kepler-731,,,1,b
Kepler-732,,,2,b
Kepler-732,,,2,c
Kepler-733,,,1,b
Kepler-255,,,3,d
Kepler-734,,,1,b
Kepler-735,,,1,b
Kepler-736,,,1,b
Kepler-737,,,1,b
Kepler-738,,,1,b
Kepler-739,,,1,b
Kepler-740,,,1,b
Kepler-741,,,1,b
Kepler-742,,,1,b
Kepler-743,,,1,b
Kepler-744,,,1,b
Kepler-745,,,1,b
Kepler-746,,,1,b
Kepler-747,,,1,b
Kepler-748,,,1,b
Kepler-749,,,1,b
Kepler-750,,,2,b
Kepler-750,,,2,c
Kepler-249,,,3,c
Kepler-25,,,3,d
Kepler-250,,,3,d
Kepler-252,,,2,b
Kepler-253,,,3,d
Kepler-255,,,3,b
Kepler-256,,,4,e
Kepler-258,,,2,b
Kepler-26,,,4,d
Kepler-260,,,2,b
Kepler-262,,,2,b
Kepler-264,,,2,c
Kepler-265,,,4,e
Kepler-267,,,3,c
Kepler-269,,,2,c
Kepler-276,,,3,d
Kepler-278,,,2,b
Kepler-279,,,3,d
Kepler-28,,,2,b
Kepler-281,,,2,c
Kepler-282,,,4,e
Kepler-284,,,2,c
Kepler-286,,,4,c
Kepler-287,,,2,c
Kepler-239,,,2,c
Kepler-240,,,2,b
Kepler-238,,,5,d
Kepler-238,,,5,e
Kepler-240,,,2,c
Kepler-241,,,2,b
Kepler-238,,,5,f
Kepler-239,,,2,b
Kepler-241,,,2,c
Kepler-242,,,2,b
Kepler-243,,,2,b
Kepler-243,,,2,c
Kepler-244,,,3,b
Kepler-244,,,3,d
Kepler-245,,,4,b
Kepler-245,,,4,c
Kepler-245,,,4,d
Kepler-246,,,2,c
Kepler-247,,,3,b
Kepler-247,,,3,c
Kepler-248,,,2,b
Kepler-248,,,2,c
Kepler-249,,,3,b
Kepler-249,,,3,d
Kepler-250,,,3,b
Kepler-326,,,3,c
Kepler-326,,,3,d
Kepler-327,,,3,b
Kepler-327,,,3,d
Kepler-328,,,2,b
Kepler-329,,,2,c
Kepler-330,,,2,b
Kepler-330,,,2,c
Kepler-331,,,3,c
Kepler-331,,,3,d
Kepler-332,,,3,b
Kepler-332,,,3,c
Kepler-333,,,2,b
Kepler-333,,,2,c
Kepler-334,,,3,b
Kepler-334,,,3,d
Kepler-335,,,2,b
Kepler-335,,,2,c
Kepler-336,,,3,c
Kepler-336,,,3,d
Kepler-337,,,2,b
Kepler-337,,,2,c
Kepler-338,,,4,b
Kepler-338,,,4,c
Kepler-338,,,4,d
Kepler-338,,,4,e
Kepler-445,,,3,d
Kepler-446,,,3,d
Kepler-447,,,1,b
KOI-12,,,1,b
Lupus-TR-3,,,1,b
MOA 2007-BLG-400L,,,1,b
MOA 2008-BLG-310L,,,1,b
MOA 2008-BLG-379L,,,1,b
MOA 2009-BLG-266L,,,1,b
MOA 2009-BLG-319L,,,1,b
MOA 2010-BLG-477L,,,1,b
MOA 2010-BLG-073L,,,1,b
MOA 2011-BLG-293L,,,1,b
MOA 2011-BLG-322L,,,1,b
NGC 2682 YBP 1194,,,1,b
NGC 2682 Sand 364,,,1,b
NGC 4349 127,,,1,b
OGLE 2003-BLG-235L,,,1,b
OGLE 2005-BLG-71L,,,1,b
OGLE 2005-BLG-169L,,,1,b
OGLE 2006-BLG-109L,,,2,b
OGLE 2006-BLG-109L,,,2,c
OGLE 2008-BLG-92L,,,1,b
OGLE 2008-BLG-355L,,,1,b
OGLE 2011-BLG-251L,,,1,b
OGLE 2012-BLG-26L,,,2,b
OGLE 2012-BLG-26L,,,2,c
OGLE 2012-BLG-406L,,,1,b
OGLE 2013-BLG-102L,,,1,b
OGLE 2014-BLG-124L,,,1,b
OGLE2-TR-L9,,,1,b
OGLE-TR-056,,,1,b
OGLE-TR-111,,,1,b
OGLE-TR-113,,,1,b
OGLE-TR-132,,,1,b
OGLE-TR-211,,,1,b
Oph 11,,,1,b
Pr0211,,,2,b
PSR B1257+12,,,3,b
PSR B1257+12,,,3,c
PSR B1620-26,,,1,b
PSR J1719-1438,,,1,b
Qatar-1,,,1,b
ROXs 42 B,,,1,b
ROXs 12,,,1,b
SR 12 AB,,,1,c
SWEEPS-4,,,1,b
SWEEPS-11,,,1,b
TrES-1,,,1,b
TrES-3,,,1,b
TrES-4,,,1,b
TrES-5,,,1,b
TYC 1422-614-1,,,2,b
TYC 1422-614-1,,,2,c
USco CTIO 108,,,1,b
V0391 Peg,,,1,b
WASP-1,,,1,b
WASP-3,,,1,b
WASP-4,,,1,b
WASP-5,,,1,b
WASP-6,,,1,b
WASP-8,,,2,b
WASP-8,,,2,c
WASP-10,,,1,b
WASP-11,,,1,b
WASP-13,,,1,b
WASP-14,,,1,b
WASP-15,,,1,b
WASP-17,,,1,b
WASP-19,,,1,b
WASP-20,,,1,b
WASP-21,,,1,b
WASP-22,,,1,b
WASP-23,,,1,b
WASP-25,,,1,b
WASP-26,,,1,b
WASP-28,,,1,b
WASP-31,,,1,b
WASP-32,,,1,b
WASP-34,,,1,b
WASP-35,,,1,b
WASP-36,,,1,b
WASP-38,HD 146389,,1,b
WASP-39,,,1,b
WASP-42,,,1,b
WASP-43,,,1,b
WASP-44,,,1,b
WASP-46,,,1,b
WASP-47,,,4,b
WASP-48,,,1,b
WASP-50,,,1,b
WASP-52,,,1,b
WASP-54,,,1,b
WASP-56,,,1,b
WASP-57,,,1,b
WASP-58,,,1,b
WASP-60,,,1,b
WASP-61,,,1,b
WASP-63,,,1,b
WASP-64,,,1,b
WASP-65,,,1,b
WASP-67,,,1,b
WASP-68,HD 193334,,1,b
WASP-69,,,1,b
WASP-71,,,1,b
WASP-72,,,1,b
WASP-75,,,1,b
WASP-77 A,,,1,b
WASP-78,,,1,b
WASP-80,,,1,b
WASP-84,,,1,b
WASP-88,,,1,b
WASP-94 B,,,1,b
WASP-95,,,1,b
WASP-96,,,1,b
WASP-98,,,1,b
WASP-99,,,1,b
WASP-100,,,1,b
WASP-101,,,1,b
WASP-103,,,1,b
WASP-104,,,1,b
WASP-106,,,1,b
WASP-117,,,1,b
WD 0806-661,,,1,b
WTS-1,,,1,b
WISEP J121756.91+162640.2 A,,,1,b
XO-1,,,1,b
XO-2 N,,,1,b
XO-2 S,,,2,b
XO-2 S,,,2,c
XO-3,,,1,b
XO-5,,,1,b
HATS-9,,,1,b
HATS-10,,,1,b
Kepler-449,,,2,b
Kepler-449,,,2,c
Kepler-450,,,3,b
Kepler-450,,,3,c
Kepler-450,,,3,d
Kepler-92,,,3,d
HAT-P-55,,,1,b
Kepler-452,,,1,b
Kepler-432,,,2,c
Kepler-445,,,3,c
Kepler-446,,,3,c
2MASS J04414489+2301513,,,1,b
BD+20 1790,,,1,b
BD+20 2457,,,2,c
BD-10 3166,,,1,b
CT Cha,,,1,b
CoRoT-11,,,1,b
CoRoT-17,,,1,b
CoRoT-20,,,1,b
CoRoT-24,,,2,b
CoRoT-26,,,1,b
CoRoT-3,,,1,b
CoRoT-7,,,2,c
DENIS-P J082303.1-491201,,,1,b
FU Tau,,,1,b
GJ 3470,,,1,b
GJ 667 C,,,5,e
GQ Lup,,,1,b
HAT-P-13,,,2,c
HAT-P-17,,,2,c
HAT-P-35,,,1,b
HAT-P-4,,,1,b
HATS-1,,,1,b
HATS-4,,,1,b
HD 145934,HD 145934,,1,b
HD 17092,HD 17092,,1,b
HD 171028,HD 171028,,1,b
Kepler-1428,,,1,b
Kepler-1429,,,1,b
Kepler-1430,,,1,b
Kepler-1431,,,1,b
Kepler-1432,,,1,b
Kepler-1433,,,1,b
Kepler-1434,,,1,b
Kepler-1435,,,1,b
Kepler-1436,,,1,b
Kepler-1437,,,1,b
Kepler-1438,,,1,b
Kepler-1439,,,1,b
Kepler-1440,,,1,b
Kepler-1441,,,1,b
Kepler-1442,,,1,b
Kepler-1443,,,1,b
Kepler-1444,,,1,b
Kepler-1445,,,1,b
Kepler-1446,,,1,b
Kepler-1447,,,1,b
Kepler-1448,,,1,b
Kepler-1449,,,1,b
Kepler-1450,,,1,b
Kepler-1451,,,1,b
Kepler-1452,,,1,b
Kepler-1453,,,1,b
Kepler-1454,,,1,b
Kepler-1455,,,1,b
Kepler-1456,,,1,b
Kepler-1457,,,1,b
Kepler-1458,,,1,b
Kepler-1459,,,1,b
Kepler-1460,,,1,b
Kepler-1461,,,1,b
Kepler-1462,,,1,b
Kepler-1463,,,1,b
Kepler-1464,,,2,b
Kepler-1464,,,2,c
Kepler-1465,,,1,b
Kepler-1466,,,1,b
Kepler-1467,,,1,b
Kepler-1468,,,2,b
Kepler-1468,,,2,c
Kepler-1469,,,1,b
Kepler-1470,,,1,b
Kepler-1471,,,1,b
Kepler-1472,,,1,b
Kepler-1473,,,1,b
Kepler-1474,,,1,b
Kepler-1475,,,1,b
Kepler-1476,,,1,b
Kepler-1477,,,1,b
Kepler-1478,,,1,b
Kepler-1479,,,1,b
Kepler-1480,,,1,b
Kepler-1481,,,1,b
Kepler-1482,,,1,b
Kepler-1483,,,1,b
Kepler-1484,,,1,b
Kepler-1485,,,1,b
Kepler-1486,,,1,b
Kepler-1487,,,1,b
Kepler-1488,,,1,b
Kepler-1489,,,1,b
Kepler-1490,,,1,b
Kepler-1491,,,1,b
Kepler-1492,,,1,b
Kepler-1493,,,1,b
Kepler-1494,,,1,b
Kepler-1495,,,1,b
Kepler-1496,,,1,b
Kepler-1497,,,1,b
Kepler-1498,,,1,b
Kepler-1499,,,1,b
Kepler-1500,,,1,b
Kepler-1501,,,1,b
Kepler-1502,,,1,b
Kepler-1503,,,1,b
Kepler-1504,,,1,b
Kepler-1505,,,1,b
Kepler-1506,,,1,b
Kepler-1507,,,1,b
Kepler-1508,,,1,b
Kepler-1509,,,1,b
Kepler-1510,,,1,b
Kepler-1511,,,1,b
Kepler-1512,,,1,b
Kepler-1513,,,1,b
Kepler-1514,,,1,b
Kepler-1515,,,1,b
Kepler-1516,,,1,b
Kepler-1517,,,1,b
Kepler-1518,,,1,b
Kepler-1519,,,1,b
KIC 5437945,,,2,c
Kepler-1520,,,1,b
Kepler-1521,,,1,b
Kepler-1522,,,1,b
Kepler-1523,,,1,b
Kepler-1524,,,1,b
Kepler-1525,,,1,b
Kepler-1526,,,1,b
Kepler-1527,,,1,b
Kepler-1528,,,1,b
Kepler-1529,,,1,b
Kepler-1530,,,2,b
Kepler-1530,,,2,c
Kepler-1531,,,1,b
Kepler-1532,,,1,b
Kepler-1533,,,1,b
Kepler-1534,,,1,b
Kepler-1535,,,1,b
Kepler-1536,,,1,b
Kepler-1537,,,1,b
Kepler-1538,,,1,b
Kepler-1539,,,1,b
Kepler-1540,,,1,b
Kepler-1541,,,1,b
Kepler-1542,,,4,b
Kepler-1542,,,4,c
K2-90,,,2,b
K2-90,,,2,c
K2-91,,,1,b
K2-92,,,1,b
WASP-85 A,,,1,b
WASP-113,,,1,b
WASP-114,,,1,b
Kepler-1542,,,4,d
Kepler-1542,,,4,e
Kepler-1543,,,1,b
Kepler-1544,,,1,b
Kepler-1545,,,1,b
Kepler-1546,,,1,b
Kepler-1547,,,1,b
Kepler-1548,,,1,b
Kepler-1549,,,1,b
Kepler-1550,,,1,b
Kepler-1551,,,1,b
Kepler-1552,,,1,b
Kepler-1553,,,1,b
Kepler-1554,,,1,b
Kepler-1555,,,1,b
Kepler-1556,,,1,b
Kepler-1557,,,1,b
Kepler-1558,,,1,b
Kepler-1559,,,1,b
Kepler-1560,,,1,b
Kepler-1561,,,1,b
Kepler-1562,,,1,b
Kepler-1563,,,1,b
Kepler-1564,,,1,b
Kepler-1565,,,1,b
Kepler-1566,,,1,b
Kepler-1567,,,1,b
Kepler-1568,,,1,b
Kepler-1569,,,1,b
Kepler-1570,,,1,b
Kepler-1571,,,1,b
Kepler-1572,,,1,b
Kepler-1573,,,1,b
Kepler-1574,,,1,b
Kepler-1575,,,1,b
Kepler-1576,,,1,b
Kepler-1577,,,1,b
Kepler-1578,,,1,b
Kepler-1579,,,1,b
Kepler-1580,,,1,b
Kepler-1581,,,1,b
Kepler-1582,,,1,b
Kepler-1583,,,1,b
Kepler-1584,,,1,b
Kepler-1585,,,1,b
Kepler-1586,,,1,b
Kepler-1587,,,1,b
Kepler-1588,,,1,b
Kepler-1589,,,1,b
Kepler-1590,,,1,b
Kepler-1591,,,1,b
Kepler-1592,,,1,b
Kepler-1593,,,1,b
Kepler-1594,,,1,b
Kepler-1595,,,1,b
Kepler-1596,,,1,b
Kepler-1597,,,1,b
Kepler-1598,,,1,b
Kepler-1599,,,1,b
Kepler-1600,,,1,b
Kepler-1601,,,1,b
Kepler-1602,,,1,b
Kepler-1603,,,1,b
Kepler-1604,,,1,b
Kepler-1605,,,1,b
Kepler-1606,,,1,b
Kepler-1607,,,1,b
Kepler-1608,,,1,b
Kepler-1609,,,1,b
Kepler-1610,,,1,b
Kepler-1611,,,1,b
Kepler-1612,,,1,b
Kepler-1613,,,1,b
Kepler-1614,,,1,b
Kepler-1615,,,1,b
Kepler-1616,,,1,b
Kepler-1617,,,1,b
Kepler-1618,,,1,b
Kepler-1619,,,1,b
Kepler-1620,,,1,b
Kepler-1621,,,1,b
Kepler-1622,,,1,b
Kepler-1623,,,1,b
Kepler-1624,,,1,b
Kepler-1625,,,1,b
Kepler-1626,,,1,b
Kepler-1627,,,1,b
Kepler-1628,,,1,b
Kepler-1629,,,1,b
Kepler-1630,,,1,b
Kepler-1631,,,1,b
Kepler-1632,,,1,b
Kepler-1633,,,1,b
Kepler-1634,,,1,b
Kepler-1635,,,1,b
Kepler-1636,,,1,b
Kepler-1637,,,1,b
Kepler-1638,,,1,b
Kepler-1639,,,1,b
Kepler-1640,,,1,b
Kepler-1641,,,2,b
Kepler-1641,,,2,c
Kepler-1642,,,2,b
Kepler-1642,,,2,c
Kepler-1643,,,1,b
Kepler-1644,,,1,b
Kepler-1645,,,1,b
Kepler-1646,,,1,b
Kepler-539,,,2,c
Kepler-1647,,,1,b
MOA 2013-BLG-605L,,,1,b
K2-39,,,1,b
WASP-120,,,1,b
WASP-123,,,1,b
HATS-25,,,1,b
HATS-26,,,1,b
HATS-27,,,1,b
HATS-28,,,1,b
HATS-29,,,1,b
HATS-30,,,1,b
WASP-121,,,1,b
MOA 2010-BLG-353L,,,1,b
K2-33,,,1,b
V830 Tau,,,1,b
HATS-15,,,1,b
HATS-16,,,1,b
WASP-157,,,1,b
K2-35,,,2,b
K2-35,,,2,c
K2-36,,,2,b
K2-36,,,2,c
K2-37,,,3,b
K2-37,,,3,c
K2-37,,,3,d
K2-38,,,2,b
K2-38,,,2,c
K2-8,,,2,c
BD+20 594,,,1,b
NGC 2682 YBP 401,,,1,b
K2-42,,,1,b
K2-43,,,1,b
K2-44,,,1,b
K2-45,,,1,b
K2-46,,,1,b
K2-47,,,1,b
K2-48,,,1,b
K2-49,,,1,b
K2-50,,,1,b
OGLE 2015-BLG-0954L,,,1,b
K2-51,,,1,b
K2-52,,,1,b
K2-53,,,1,b
K2-54,,,1,b
K2-55,,,1,b
K2-57,,,1,b
K2-58,,,3,b
K2-58,,,3,c
K2-58,,,3,d
K2-59,,,2,b
K2-59,,,2,c
K2-60,,,1,b
K2-61,,,1,b
K2-62,,,2,b
K2-62,,,2,c
K2-63,,,1,b
K2-64,,,1,b
K2-66,,,1,b
K2-67,,,1,b
K2-68,,,1,b
K2-69,,,1,b
K2-70,,,1,b
K2-71,,,1,b
K2-72,,,4,b
K2-72,,,4,c
K2-72,,,4,d
K2-72,,,4,e
K2-73,,,1,b
K2-74,,,1,b
K2-75,,,2,b
K2-75,,,2,c
K2-76,,,1,b
K2-77,,,1,b
K2-78,,,1,b
K2-79,,,1,b
K2-80,,,2,b
K2-80,,,2,c
K2-81,,,1,b
K2-82,,,1,b
K2-83,,,2,b
K2-83,,,2,c
K2-84,,,2,b
K2-84,,,2,c
K2-85,,,1,b
K2-86,,,1,b
K2-87,,,1,b
K2-88,,,1,b
K2-89,,,1,b
Kepler-453,,,1,b
WASP-74,,,1,b
WASP-83,,,1,b
WASP-89,,,1,b
HD 240210,HD 240210,,1,b
Kepler-291,,,2,b
Kepler-292,,,5,d
Kepler-293,,,2,c
Kepler-295,,,3,d
Kepler-296,,,5,e
Kepler-298,,,3,b
Kepler-299,,,4,d
Kepler-30,,,3,b
Kepler-301,,,3,b
Kepler-306,,,4,d
Kepler-308,,,2,b
Kepler-289,,,3,c
Kepler-31,,,3,d
Kepler-310,,,3,b
Kepler-312,,,2,b
Kepler-314,,,2,b
Kepler-316,,,2,b
Kepler-318,,,2,b
Kepler-32,,,5,e
Kepler-320,,,2,b
Kepler-322,,,2,b
Kepler-324,,,2,b
Kepler-325,,,3,d
Kepler-327,,,3,c
Kepler-329,,,2,b
Kepler-250,,,3,c
Kepler-251,,,4,b
Kepler-251,,,4,c
Kepler-251,,,4,d
Kepler-251,,,4,e
Kepler-252,,,2,c
Kepler-253,,,3,b
Kepler-253,,,3,c
Kepler-254,,,3,b
Kepler-254,,,3,c
Kepler-254,,,3,d
Kepler-255,,,3,c
Kepler-256,,,4,b
Kepler-256,,,4,c
Kepler-256,,,4,d
Kepler-257,,,3,b
Kepler-257,,,3,c
Kepler-257,,,3,d
Kepler-258,,,2,c
Kepler-259,,,2,b
Kepler-259,,,2,c
Kepler-260,,,2,c
Kepler-261,,,2,b
Kepler-261,,,2,c
Kepler-262,,,2,c
Kepler-339,,,3,b
Kepler-339,,,3,c
Kepler-340,,,2,b
Kepler-340,,,2,c
Kepler-341,,,4,b
Kepler-341,,,4,c
Kepler-341,,,4,d
Kepler-342,,,4,b
Kepler-342,,,4,c
Kepler-342,,,4,d
Kepler-343,,,2,b
Kepler-344,,,2,b
Kepler-344,,,2,c
Kepler-345,,,2,b
Kepler-346,,,2,b
Kepler-346,,,2,c
Kepler-347,,,2,b
Kepler-348,,,2,b
Kepler-348,,,2,c
Kepler-349,,,2,b
Kepler-350,,,3,b
Kepler-350,,,3,c
Kepler-350,,,3,d
Kepler-351,,,3,b
Kepler-352,,,2,b
Kepler-331,,,3,b
Kepler-332,,,3,d
Kepler-334,,,3,c
Kepler-336,,,3,b
Kepler-341,,,4,e
Kepler-343,,,2,c
Kepler-345,,,2,c
Kepler-347,,,2,c
Kepler-349,,,2,c
Kepler-351,,,3,c
Kepler-353,,,2,c
Kepler-355,,,2,b
Kepler-357,,,3,c
Kepler-359,,,3,b
Kepler-360,,,2,c
Kepler-362,,,2,c
Kepler-364,,,2,c
Kepler-366,,,2,c
Kepler-368,,,2,c
Kepler-37,,,4,e
Kepler-371,,,2,b
Kepler-377,,,2,c
Kepler-380,,,2,b
Kepler-382,,,2,b
Kepler-384,,,2,b
Kepler-263,,,2,b
Kepler-263,,,2,c
Kepler-264,,,2,b
Kepler-265,,,4,b
Kepler-265,,,4,c
Kepler-265,,,4,d
Kepler-266,,,2,b
Kepler-266,,,2,c
Kepler-267,,,3,b
Kepler-267,,,3,d
Kepler-268,,,2,b
Kepler-268,,,2,c
Kepler-269,,,2,b
Kepler-270,,,2,b
Kepler-270,,,2,c
Kepler-271,,,3,b
Kepler-271,,,3,c
Kepler-272,,,3,b
Kepler-272,,,3,c
Kepler-272,,,3,d
Kepler-273,,,2,b
Kepler-273,,,2,c
Kepler-274,,,2,b
Kepler-274,,,2,c
Kepler-275,,,3,b
Kepler-352,,,2,c
Kepler-353,,,2,b
Kepler-354,,,3,b
Kepler-354,,,3,c
Kepler-354,,,3,d
Kepler-355,,,2,c
Kepler-356,,,2,b
Kepler-356,,,2,c
Kepler-357,,,3,b
Kepler-357,,,3,d
Kepler-358,,,2,b
Kepler-358,,,2,c
Kepler-359,,,3,c
Kepler-359,,,3,d
Kepler-360,,,2,b
Kepler-361,,,2,b
Kepler-361,,,2,c
Kepler-362,,,2,b
Kepler-363,,,3,b
Kepler-363,,,3,c
Kepler-363,,,3,d
Kepler-364,,,2,b
Kepler-365,,,2,b
Kepler-365,,,2,c
Kepler-366,,,2,b
HD 70573,HD 70573,,1,b
OGLE 2015-BLG-0966L,,,1,b
K2-3,,,3,d
Kepler-386,,,2,c
Kepler-388,,,2,c
Kepler-390,,,2,c
Kepler-392,,,2,c
Kepler-395,,,2,b
Kepler-397,,,2,b
Kepler-399,,,3,b
Kepler-4,,,1,b
Kepler-40,,,1,b
Kepler-401,,,3,b
Kepler-402,,,4,d
Kepler-404,,,2,b
Kepler-406,,,2,b
Kepler-407,,,2,c
Kepler-410 A,,,1,b
Kepler-413,,,1,b
Kepler-415,,,2,b
Kepler-416,,,2,c
Kepler-418,,,1,b
Kepler-419,,,2,c
Kepler-422,,,1,b
Kepler-424,,,2,c
Kepler-428,,,1,b
Kepler-43,,,1,b
Kepler-431,,,3,c
Kepler-434,,,1,b
Kepler-436,,,2,b
Kepler-276,,,3,c
Kepler-275,,,3,c
Kepler-277,,,2,b
Kepler-275,,,3,d
Kepler-276,,,3,b
Kepler-277,,,2,c
Kepler-278,,,2,c
Kepler-279,,,3,b
Kepler-279,,,3,c
Kepler-280,,,2,b
Kepler-280,,,2,c
Kepler-281,,,2,b
Kepler-282,,,4,b
Kepler-282,,,4,c
Kepler-282,,,4,d
Kepler-283,,,2,b
Kepler-283,,,2,c
Kepler-284,,,2,b
Kepler-285,,,2,b
Kepler-285,,,2,c
Kepler-286,,,4,b
Kepler-286,,,4,d
Kepler-286,,,4,e
Kepler-287,,,2,b
Kepler-288,,,3,b
Kepler-367,,,2,b
Kepler-367,,,2,c
Kepler-368,,,2,b
Kepler-369,,,2,b
Kepler-369,,,2,c
Kepler-370,,,2,b
Kepler-370,,,2,c
Kepler-371,,,2,c
Kepler-372,,,3,b
Kepler-372,,,3,c
Kepler-372,,,3,d
Kepler-373,,,2,b
Kepler-373,,,2,c
Kepler-374,,,3,b
Kepler-374,,,3,c
Kepler-374,,,3,d
Kepler-375,,,2,b
Kepler-375,,,2,c
Kepler-376,,,2,b
Kepler-376,,,2,c
Kepler-377,,,2,b
Kepler-378,,,2,b
Kepler-378,,,2,c
Kepler-379,,,2,b
Kepler-379,,,2,c
KELT-3,,,1,b
KIC 10001893,,,3,c
KOI-94,,,4,c
Kepler-10,,,2,b
Kepler-100,,,3,b
Kepler-101,,,2,b
Kepler-102,,,5,d
Kepler-103,,,2,b
Kepler-104,,,3,c
Kepler-106,,,4,b
Kepler-106,,,4,e
Kepler-107,,,4,d
Kepler-109,,,2,b
Kepler-11,,,6,e
Kepler-110,,,2,c
Kepler-112,,,2,c
Kepler-114,,,3,c
Kepler-116,,,2,c
Kepler-119,,,2,b
Kepler-121,,,2,b
Kepler-122,,,5,d
Kepler-124,,,3,b
Kepler-125,,,2,c
Kepler-127,,,3,b
Kepler-128,,,2,c
Kepler-439,,,1,b
Kepler-442,,,1,b
Kepler-446,,,3,b
Kepler-46,,,3,c
Kepler-48,,,4,b
Kepler-49,,,4,c
Kepler-50,,,2,c
Kepler-52,,,3,b
Kepler-53,,,3,c
Kepler-55,,,5,b
Kepler-55,,,5,f
Kepler-57,,,2,c
Kepler-59,,,2,c
Kepler-61,,,1,b
Kepler-62,,,5,e
Kepler-65,,,3,c
Kepler-66,,,1,b
Kepler-68,,,3,d
Kepler-77,,,1,b
Kepler-79,,,4,d
Kepler-8,,,1,b
Kepler-80,,,5,e
Kepler-82,,,4,b
Kepler-83,,,3,b
Kepler-288,,,3,c
Kepler-288,,,3,d
Kepler-289,,,3,b
Kepler-289,,,3,d
Kepler-290,,,2,b
Kepler-290,,,2,c
Kepler-291,,,2,c
Kepler-292,,,5,b
Kepler-292,,,5,c
Kepler-292,,,5,e
Kepler-292,,,5,f
Kepler-293,,,2,b
Kepler-294,,,2,b
Kepler-294,,,2,c
Kepler-295,,,3,c
Kepler-296,,,5,b
Kepler-296,,,5,c
Kepler-296,,,5,d
Kepler-296,,,5,f
Kepler-297,,,2,b
Kepler-297,,,2,c
Kepler-298,,,3,c
Kepler-298,,,3,d
Kepler-299,,,4,b
Kepler-299,,,4,c
Kepler-380,,,2,c
Kepler-381,,,2,b
Kepler-381,,,2,c
Kepler-382,,,2,c
Kepler-383,,,2,b
Kepler-384,,,2,c
Kepler-385,,,2,b
Kepler-385,,,2,c
Kepler-386,,,2,b
Kepler-387,,,2,b
Kepler-387,,,2,c
Kepler-388,,,2,b
Kepler-389,,,2,b
Kepler-389,,,2,c
Kepler-390,,,2,b
Kepler-391,,,2,b
Kepler-391,,,2,c
Kepler-392,,,2,b
Kepler-393,,,2,b
Kepler-393,,,2,c
Kepler-394,,,2,b
Kepler-394,,,2,c
Kepler-395,,,2,c
Kepler-396,,,2,b
Kepler-396,,,2,c
Kepler-130,,,3,c
Kepler-131,,,2,c
Kepler-132,,,4,c
Kepler-134,,,2,c
Kepler-136,,,2,c
Kepler-138,,,3,c
Kepler-14,,,1,b
Kepler-140,,,2,b
Kepler-142,,,3,b
Kepler-150,,,4,c
Kepler-151,,,2,c
Kepler-154,,,5,b
Kepler-156,,,2,b
Kepler-158,,,2,b
Kepler-160,,,2,c
Kepler-162,,,2,c
Kepler-164,,,3,c
Kepler-166,,,3,b
Kepler-168,,,2,c
Kepler-169,,,5,e
Kepler-171,,,3,b
Kepler-172,,,4,d
Kepler-174,,,3,b
Kepler-175,,,2,c
Kepler-177,,,2,b
Kepler-84,,,5,c
Kepler-85,,,4,b
Kepler-87,,,2,b
Kepler-92,,,3,c
Kepler-94,,,2,c
Kepler-97,,,2,b
Kepler-98,,,1,b
MOA 2007-BLG-192L,,,1,b
MOA 2009-BLG-387L,,,1,b
MOA-bin-1L,,,1,b
NGC 2682 YBP 1514,,,1,b
NN Ser,,,2,d
OGLE 2005-BLG-390L,,,1,b
OGLE 2007-BLG-368L,,,1,b
OGLE 2011-BLG-265L,,,1,b
OGLE 2012-BLG-358L,,,1,b
OGLE 2013-BLG-341L B,,,1,b
OGLE-TR-10,,,1,b
OGLE-TR-182,,,1,b
PH1,,,1,b
POTS-1,,,1,b
PSR B1257+12,,,3,d
Pr0201,,,1,b
Qatar-2,,,1,b
UZ For,,,2,c
VHS J125601.92-125723.9,,,1,b
Kepler-300,,,2,b
Kepler-300,,,2,c
Kepler-301,,,3,c
Kepler-299,,,4,e
Kepler-301,,,3,d
Kepler-302,,,2,b
Kepler-302,,,2,c
Kepler-303,,,2,b
Kepler-303,,,2,c
Kepler-304,,,4,b
Kepler-304,,,4,c
Kepler-304,,,4,d
Kepler-305,,,3,b
Kepler-305,,,3,c
Kepler-305,,,3,d
Kepler-306,,,4,b
Kepler-306,,,4,c
Kepler-306,,,4,e
Kepler-307,,,2,b
Kepler-307,,,2,c
Kepler-308,,,2,c
Kepler-309,,,2,b
Kepler-309,,,2,c
Kepler-310,,,3,c
Kepler-310,,,3,d
Kepler-397,,,2,c
Kepler-398,,,3,b
Kepler-398,,,3,c
Kepler-399,,,3,c
Kepler-399,,,3,d
Kepler-400,,,2,b
Kepler-400,,,2,c
Kepler-401,,,3,c
Kepler-402,,,4,b
Kepler-402,,,4,c
Kepler-402,,,4,e
Kepler-403,,,3,b
Kepler-403,,,3,c
Kepler-404,,,2,c
Kepler-405,,,2,b
Kepler-405,,,2,c
Kepler-406,,,2,c
Kepler-407,,,2,b
Kepler-408,,,1,b
Kepler-409,,,1,b
Kepler-411,,,2,b
Kepler-412,,,1,b
Kepler-414,,,2,b
Kepler-414,,,2,c
Kepler-415,,,2,c
Kepler-416,,,2,b
Kepler-178,,,3,d
Kepler-18,,,3,b
Kepler-186,,,5,b
Kepler-186,,,5,f
Kepler-188,,,2,c
Kepler-19,,,2,c
Kepler-191,,,3,b
Kepler-193,,,2,b
Kepler-194,,,3,d
Kepler-196,,,2,c
Kepler-198,,,3,b
Kepler-20,,,5,e
Kepler-200,,,2,b
Kepler-202,,,2,b
Kepler-204,,,2,b
Kepler-206,,,3,b
Kepler-207,,,3,c
Kepler-208,,,4,d
Kepler-210,,,2,c
Kepler-212,,,2,c
Kepler-242,,,2,c
Kepler-244,,,3,c
Kepler-246,,,2,b
Kepler-247,,,3,d
WASP-12,,,1,b
WASP-16,,,1,b
WASP-2,,,1,b
WASP-24,,,1,b
WASP-29,,,1,b
WASP-37,,,1,b
WASP-41,,,2,b
WASP-45,,,1,b
WASP-49,,,1,b
WASP-55,,,1,b
WASP-59,,,1,b
WASP-62,,,1,b
WASP-66,,,1,b
WASP-7,HD 197286,,1,b
WASP-73,HD 202678,,1,b
WASP-79,,,1,b
WASP-82,,,1,b
WASP-94 A,,,1,b
WASP-97,,,1,b
WTS-2,,,1,b
XO-4,,,1,b
Kepler-237,,,2,c
Kepler-238,,,5,b
Kepler-238,,,5,c
Kepler-311,,,2,c
Kepler-312,,,2,c
Kepler-313,,,2,b
Kepler-313,,,2,c
Kepler-314,,,2,c
Kepler-315,,,2,b
Kepler-315,,,2,c
Kepler-316,,,2,c
Kepler-317,,,2,b
Kepler-317,,,2,c
Kepler-311,,,2,b
Kepler-318,,,2,c
Kepler-319,,,3,b
Kepler-319,,,3,c
Kepler-319,,,3,d
Kepler-320,,,2,c
Kepler-321,,,2,b
Kepler-321,,,2,c
Kepler-322,,,2,c
Kepler-323,,,2,b
Kepler-323,,,2,c
Kepler-324,,,2,c
Kepler-325,,,3,b
Kepler-325,,,3,c
Kepler-326,,,3,b
Kepler-417,,,2,b
Kepler-417,,,2,c
Kepler-419,,,2,b
Kepler-420,,,1,b
Kepler-421,,,1,b
Kepler-423,,,1,b
Kepler-424,,,2,b
Kepler-425,,,1,b
Kepler-426,,,1,b
Kepler-427,,,1,b
KIC 10001893,,,3,b
KIC 10001893,,,3,d
Kepler-430,,,2,b
Kepler-431,,,3,b
Kepler-431,,,3,d
Kepler-432,,,2,b
Kepler-433,,,1,b
Kepler-435,,,1,b
Kepler-437,,,1,b
Kepler-438,,,1,b
Kepler-440,,,1,b
Kepler-441,,,1,b
Kepler-443,,,1,b
Kepler-445,,,3,b
Kepler-155,,,2,b
Kepler-155,,,2,c
Kepler-156,,,2,c
Kepler-157,,,3,b
Kepler-157,,,3,c
Kepler-158,,,2,c
Kepler-159,,,2,b
Kepler-159,,,2,c
Kepler-160,,,2,b
Kepler-161,,,2,b
Kepler-161,,,2,c
Kepler-162,,,2,b
Kepler-163,,,2,b
Kepler-163,,,2,c
Kepler-164,,,3,b
Kepler-164,,,3,d
Kepler-165,,,2,b
Kepler-165,,,2,c
Kepler-166,,,3,c
Kepler-167,,,4,b
Kepler-167,,,4,c
Kepler-168,,,2,b
Kepler-169,,,5,b
Kepler-169,,,5,c
Kepler-169,,,5,d
Kepler-169,,,5,f
HD 216536,HD 216536,,1,b
HD 219415,HD 219415,,1,b
HD 233604,HD 233604,,1,b
Kepler-57,,,2,b
Kepler-58,,,3,b
Kepler-58,,,3,c
Kepler-58,,,3,d
Kepler-59,,,2,b
Kepler-60,,,3,b
Kepler-60,,,3,c
Kepler-60,,,3,d
Kepler-62,,,5,b
Kepler-62,,,5,c
Kepler-62,,,5,d
Kepler-62,,,5,f
Kepler-63,,,1,b
Kepler-65,,,3,b
Kepler-65,,,3,d
Kepler-67,,,1,b
Kepler-68,,,3,b
Kepler-68,,,3,c
Kepler-69,,,2,b
Kepler-69,,,2,c
KOI-55,,,2,b
KOI-55,,,2,c
KOI-217,,,1,b
Kepler-74,,,1,b
Kepler-81,,,3,b
Kepler-81,,,3,c
Kepler-81,,,3,d
Kepler-82,,,4,c
Kepler-82,,,4,d
Kepler-82,,,4,e
Kepler-83,,,3,c
Kepler-83,,,3,d
Kepler-84,,,5,b
Kepler-84,,,5,d
Kepler-84,,,5,e
Kepler-84,,,5,f
Kepler-85,,,4,c
Kepler-85,,,4,d
Kepler-85,,,4,e
PH2,,,1,b
Kepler-87,,,2,c
KOI-142,,,2,b
KOI-142,,,2,c
KOI-94,,,4,b
KOI-94,,,4,e
KOI-351,,,7,b
KOI-351,,,7,c
KOI-351,,,7,d
KOI-351,,,7,e
KOI-351,,,7,f
KOI-351,,,7,g
KOI-351,,,7,h
Kepler-91,,,1,b
Kepler-92,,,3,b
Kepler-93,,,2,b
Kepler-93,,,2,c
Kepler-94,,,2,b
Kepler-95,,,1,b
Kepler-96,,,1,b
Kepler-97,,,2,c
Kepler-99,,,1,b
Kepler-100,,,3,c
Kepler-100,,,3,d
Kepler-101,,,2,c
Kepler-102,,,5,b
Kepler-102,,,5,c
Kepler-102,,,5,e
Kepler-102,,,5,f
Kepler-103,,,2,c
Kepler-104,,,3,b
Kepler-104,,,3,d
Kepler-105,,,2,b
Kepler-105,,,2,c
Kepler-106,,,4,c
Kepler-106,,,4,d
Kepler-107,,,4,b
Kepler-107,,,4,c
Kepler-107,,,4,e
Kepler-108,,,2,b
Kepler-108,,,2,c
Kepler-109,,,2,c
Kepler-110,,,2,b
Kepler-111,,,2,b
Kepler-75,,,1,b
Kepler-76,,,1,b
Kepler-78,,,1,b
Kepler-79,,,4,b
Kepler-79,,,4,c
Kepler-79,,,4,e
Kepler-80,,,5,b
Kepler-80,,,5,c
Kepler-80,,,5,d
Kepler-111,,,2,c
Kepler-112,,,2,b
Kepler-113,,,2,b
Kepler-113,,,2,c
Kepler-114,,,3,b
Kepler-114,,,3,d
DH Tau,,,1,b
DP Leo,,,1,b
GU Psc,,,1,b
NN Ser,,,2,c
NY Vir,,,1,b
RR Cae,,,1,b
UZ For,,,2,b
1RXS J160929.1-210524,,,1,b
2MASS J01225093-2439505,,,1,b
2MASS J02192210-3925225,,,1,b
2MASS J12073346-3932539,,,1,b
2MASS J21402931+1625183 A,,,1,b
BD-13 2130,,,1,b
BD+20 274,,,1,b
BD+20 2457,,,2,b
HAT-P-57,,,1,b
HAT-P-50,,,1,b
HAT-P-51,,,1,b
HAT-P-52,,,1,b
HAT-P-53,,,1,b
KIC 3558849,,,1,b
KIC 5951458,,,1,b
KIC 8540376,,,2,b
KIC 8540376,,,2,c
KIC 9663113,,,1,b
KIC 10525077,,,1,b
KIC 5437945,,,2,b
K2-25,,,1,b
TYC 3667-1280-1,,,1,b
Kepler-818,,,1,b
Kepler-819,,,1,b
Kepler-820,,,1,b
Kepler-821,,,1,b
Kepler-822,,,1,b
Kepler-823,,,1,b
Kepler-824,,,1,b
Kepler-825,,,2,b
Kepler-825,,,2,c
Kepler-826,,,1,b
Kepler-827,,,1,b
Kepler-828,,,1,b
Kepler-829,,,1,b
Kepler-830,,,1,b
Kepler-831,,,1,b
Kepler-832,,,1,b
Kepler-833,,,1,b
Kepler-834,,,1,b
Kepler-835,,,1,b
Kepler-836,,,1,b
Kepler-837,,,1,b
Kepler-838,,,1,b
Kepler-839,,,1,b
Kepler-840,,,1,b
Kepler-841,,,1,b
Kepler-842,,,1,b
Kepler-843,,,1,b
Kepler-844,,,1,b
Kepler-845,,,1,b
Kepler-846,,,1,b
Kepler-847,,,1,b
Kepler-848,,,1,b
Kepler-849,,,1,b
Kepler-850,,,1,b
Kepler-851,,,1,b
Kepler-852,,,1,b
Kepler-853,,,1,b
Kepler-854,,,1,b
Kepler-855,,,1,b
Kepler-856,,,1,b
Kepler-857,,,1,b
Kepler-858,,,1,b
Kepler-859,,,1,b
Kepler-860,,,1,b
Kepler-861,,,1,b
Kepler-862,,,1,b
Kepler-863,,,1,b
Kepler-864,,,1,b
Kepler-865,,,1,b
Kepler-866,,,1,b
Kepler-867,,,1,b
Kepler-868,,,1,b
Kepler-869,,,1,b
Kepler-870,,,1,b
Kepler-871,,,1,b
Kepler-872,,,1,b
Kepler-873,,,1,b
Kepler-874,,,1,b
Kepler-875,,,1,b
Kepler-876,,,1,b
Kepler-877,,,1,b
Kepler-878,,,1,b
Kepler-879,,,1,b
Kepler-880,,,1,b
Kepler-881,,,1,b
Kepler-882,,,1,b
Kepler-883,,,1,b
Kepler-884,,,1,b
HATS-13,,,1,b
HATS-14,,,1,b
OGLE 2012-BLG-0563L,,,1,b
HD 95872,HD 95872,,1,b
HD 5583,HD 5583,,1,b
BD+15 2375,,,1,b
K2-29,,,1,b
MOA 2011-BLG-028L,,,1,b
KELT-10,,,1,b
OGLE 2012-BLG-0724L,,,1,b
Kepler-885,,,1,b
Kepler-886,,,1,b
Kepler-887,,,2,b
Kepler-887,,,2,c
Kepler-888,,,1,b
Kepler-889,,,1,b
Kepler-890,,,1,b
Kepler-304,,,4,e
Kepler-891,,,1,b
Kepler-892,,,1,b
Kepler-893,,,1,b
Kepler-894,,,1,b
Kepler-895,,,1,b
Kepler-896,,,1,b
Kepler-897,,,1,b
Kepler-898,,,1,b
Kepler-899,,,1,b
Kepler-900,,,1,b
Kepler-901,,,1,b
Kepler-902,,,1,b
Kepler-903,,,2,b
Kepler-903,,,2,c
Kepler-904,,,1,b
Kepler-905,,,1,b
Kepler-906,,,1,b
Kepler-907,,,1,b
Kepler-908,,,1,b
Kepler-909,,,1,b
Kepler-910,,,1,b
Kepler-911,,,1,b
Kepler-912,,,1,b
Kepler-913,,,1,b
Kepler-914,,,1,b
Kepler-915,,,1,b
Kepler-916,,,1,b
Kepler-917,,,1,b
Kepler-918,,,1,b
Kepler-919,,,1,b
Kepler-920,,,2,b
Kepler-920,,,2,c
Kepler-921,,,1,b
Kepler-922,,,1,b
Kepler-923,,,1,b
Kepler-924,,,1,b
Kepler-925,,,1,b
Kepler-926,,,1,b
Kepler-927,,,1,b
Kepler-928,,,1,b
Kepler-929,,,1,b
Kepler-930,,,1,b
Kepler-931,,,1,b
Kepler-932,,,1,b
Kepler-933,,,1,b
Kepler-934,,,1,b
Kepler-935,,,1,b
Kepler-936,,,1,b
Kepler-937,,,2,b
Kepler-937,,,2,c
Kepler-938,,,1,b
Kepler-939,,,1,b
Kepler-940,,,1,b
Kepler-941,,,1,b
Kepler-942,,,1,b
Kepler-943,,,1,b
Kepler-944,,,1,b
Kepler-945,,,1,b
Kepler-946,,,1,b
Kepler-947,,,1,b
Kepler-948,,,1,b
Kepler-949,,,1,b
Kepler-411,,,2,c
Kepler-950,,,1,b
Kepler-951,,,1,b
Kepler-952,,,1,b
Kepler-953,,,2,b
Kepler-167,,,4,d
Kepler-167,,,4,e
Kepler-1157,,,1,b
Kepler-1158,,,1,b
Kepler-1159,,,1,b
Kepler-1160,,,1,b
Kepler-1161,,,1,b
Kepler-1162,,,1,b
Kepler-1163,,,1,b
Kepler-1164,,,1,b
Kepler-1165,,,1,b
Kepler-1166,,,1,b
Kepler-1167,,,1,b
Kepler-1168,,,1,b
Kepler-1169,,,1,b
Kepler-1170,,,1,b
Kepler-1171,,,1,b
Kepler-1172,,,1,b
Kepler-1173,,,1,b
Kepler-1174,,,1,b
Kepler-1175,,,1,b
Kepler-1176,,,1,b
Kepler-1177,,,1,b
Kepler-1178,,,1,b
Kepler-1179,,,1,b
Kepler-1180,,,1,b
Kepler-1181,,,1,b
Kepler-1182,,,1,b
Kepler-1183,,,1,b
Kepler-1184,,,1,b
Kepler-1185,,,1,b
Kepler-1186,,,1,b
Kepler-1187,,,1,b
Kepler-953,,,2,c
Kepler-1275,,,1,b
Kepler-1276,,,1,b
Kepler-1277,,,1,b
Kepler-1278,,,1,b
Kepler-1279,,,1,b
Kepler-1280,,,1,b
Kepler-1281,,,1,b
Kepler-1282,,,1,b
Kepler-1283,,,1,b
Kepler-1284,,,1,b
Kepler-1285,,,1,b
Kepler-1286,,,1,b
Kepler-1287,,,1,b
Kepler-1288,,,1,b
Kepler-1289,,,1,b
Kepler-1290,,,1,b
Kepler-1291,,,1,b
Kepler-1292,,,1,b
Kepler-1293,,,1,b
Kepler-1294,,,1,b
Kepler-1295,,,1,b
Kepler-1296,,,1,b
Kepler-1297,,,1,b
Kepler-1298,,,1,b
Kepler-1299,,,1,b
Kepler-1300,,,1,b
Kepler-1301,,,1,b
Kepler-1302,,,1,b
Kepler-1303,,,1,b
Kepler-1304,,,1,b
Kepler-1018,,,1,b
Kepler-1019,,,1,b
Kepler-1020,,,1,b
Kepler-1021,,,1,b
Kepler-1022,,,1,b
Kepler-1023,,,1,b
Kepler-1024,,,1,b
Kepler-1025,,,1,b
Kepler-342,,,4,e
Kepler-1026,,,1,b
Kepler-1027,,,1,b
Kepler-1028,,,1,b
Kepler-1029,,,1,b
Kepler-1030,,,1,b
Kepler-1031,,,1,b
Kepler-1032,,,1,b
Kepler-1033,,,1,b
Kepler-1034,,,1,b
K2-26,,,1,b
Kepler-1035,,,1,b
Kepler-1036,,,1,b
Kepler-1037,,,1,b
Kepler-1038,,,1,b
Kepler-1039,,,1,b
Kepler-1040,,,1,b
Kepler-1188,,,1,b
Kepler-1189,,,1,b
Kepler-1190,,,1,b
Kepler-1191,,,1,b
Kepler-1192,,,1,b
Kepler-1193,,,1,b
Kepler-1194,,,1,b
Kepler-1195,,,1,b
Kepler-1196,,,1,b
Kepler-1197,,,1,b
Kepler-1198,,,1,b
Kepler-1199,,,1,b
Kepler-1200,,,1,b
Kepler-1201,,,1,b
Kepler-1202,,,1,b
Kepler-1203,,,1,b
Kepler-1204,,,1,b
Kepler-1205,,,1,b
Kepler-1206,,,1,b
Kepler-1207,,,1,b
Kepler-1208,,,1,b
Kepler-1209,,,1,b
Kepler-1210,,,1,b
Kepler-1211,,,1,b
Kepler-1212,,,1,b
Kepler-1213,,,1,b
Kepler-1214,,,1,b
Kepler-1215,,,1,b
Kepler-1216,,,1,b
Kepler-1217,,,1,b
Kepler-1305,,,1,b
Kepler-1306,,,1,b
Kepler-1307,,,1,b
Kepler-1308,,,1,b
Kepler-1309,,,1,b
Kepler-1310,,,1,b
Kepler-1311,,,2,b
Kepler-1311,,,2,c
Kepler-1312,,,1,b
Kepler-1313,,,1,b
Kepler-1314,,,1,b
Kepler-398,,,3,d
Kepler-1315,,,1,b
Kepler-1316,,,1,b
Kepler-1317,,,1,b
Kepler-1318,,,1,b
Kepler-1319,,,1,b
Kepler-1320,,,1,b
Kepler-401,,,3,d
Kepler-1321,,,2,b
Kepler-1321,,,2,c
Kepler-1322,,,1,b
Kepler-1323,,,1,b
Kepler-1324,,,1,b
Kepler-1325,,,1,b
Kepler-1326,,,1,b
Kepler-1327,,,1,b
Kepler-1328,,,1,b
Kepler-403,,,3,d
Kepler-1329,,,1,b
Kepler-1330,,,1,b
Kepler-1041,,,1,b
Kepler-1042,,,1,b
Kepler-1043,,,1,b
Kepler-1044,,,1,b
Kepler-1045,,,1,b
Kepler-1046,,,1,b
Kepler-1047,,,2,b
Kepler-1047,,,2,c
Kepler-1048,,,1,b
Kepler-1049,,,1,b
Kepler-1050,,,2,b
Kepler-1050,,,2,c
Kepler-1051,,,1,b
Kepler-1052,,,1,b
Kepler-1053,,,1,b
Kepler-1054,,,1,b
Kepler-1055,,,1,b
Kepler-1056,,,1,b
Kepler-1057,,,1,b
Kepler-1058,,,1,b
Kepler-1059,,,1,b
Kepler-1060,,,1,b
Kepler-1061,,,1,b
Kepler-351,,,3,d
Kepler-1062,,,1,b
Kepler-1063,,,1,b
Kepler-1064,,,1,b
Kepler-1065,,,2,b
Kepler-1065,,,2,c
Kepler-1066,,,1,b
Kepler-1067,,,1,b
Kepler-1218,,,1,b
Kepler-1219,,,1,b
Kepler-1220,,,1,b
Kepler-1221,,,1,b
Kepler-1222,,,1,b
Kepler-1223,,,1,b
Kepler-1224,,,1,b
Kepler-1225,,,1,b
Kepler-1226,,,1,b
Kepler-1227,,,1,b
Kepler-1228,,,1,b
Kepler-1229,,,1,b
Kepler-1230,,,1,b
Kepler-1231,,,1,b
Kepler-1232,,,1,b
Kepler-1233,,,1,b
Kepler-1234,,,1,b
Kepler-1235,,,1,b
Kepler-1236,,,1,b
Kepler-1237,,,1,b
Kepler-1238,,,1,b
Kepler-1239,,,1,b
Kepler-1240,,,1,b
Kepler-1241,,,1,b
Kepler-1242,,,1,b
Kepler-1243,,,1,b
Kepler-1244,,,1,b
Kepler-1245,,,2,b
Kepler-1245,,,2,c
Kepler-1246,,,1,b
Kepler-1331,,,1,b
Kepler-1332,,,1,b
Kepler-1333,,,1,b
Kepler-1334,,,1,b
Kepler-1335,,,1,b
Kepler-1336,,,2,b
Kepler-1336,,,2,c
Kepler-1337,,,1,b
Kepler-1338,,,1,b
Kepler-1339,,,1,b
Kepler-1340,,,1,b
Kepler-1341,,,1,b
Kepler-1342,,,1,b
Kepler-1343,,,1,b
Kepler-1344,,,1,b
Kepler-1345,,,1,b
Kepler-1346,,,1,b
Kepler-1347,,,1,b
Kepler-1348,,,1,b
Kepler-1349,,,1,b
Kepler-1350,,,2,b
Kepler-1350,,,2,c
Kepler-1351,,,1,b
KELT-14,,,1,b
KELT-15,,,1,b
Kepler-1352,,,1,b
Kepler-1353,,,1,b
Kepler-1068,,,1,b
Kepler-1069,,,1,b
Kepler-1070,,,1,b
Kepler-1071,,,1,b
Kepler-1072,,,1,b
Kepler-1073,,,2,b
Kepler-1073,,,2,c
Kepler-1074,,,1,b
Kepler-1075,,,1,b
Kepler-1076,,,1,b
Kepler-1077,,,1,b
Kepler-1078,,,1,b
Kepler-1079,,,1,b
Kepler-1080,,,1,b
Kepler-1081,,,1,b
Kepler-1082,,,1,b
Kepler-1083,,,1,b
Kepler-1084,,,1,b
Kepler-1085,,,1,b
Kepler-1086,,,2,b
Kepler-1086,,,2,c
Kepler-1087,,,1,b
Kepler-1088,,,1,b
Kepler-1089,,,1,b
Kepler-1090,,,1,b
Kepler-1091,,,1,b
Kepler-1092,,,1,b
Kepler-1093,,,2,b
Kepler-1093,,,2,c
Kepler-1094,,,1,b
Kepler-1095,,,1,b
Kepler-1247,,,1,b
Kepler-1248,,,1,b
Kepler-1249,,,1,b
Kepler-1250,,,1,b
Kepler-1251,,,1,b
Kepler-1252,,,1,b
Kepler-1253,,,1,b
Kepler-1254,,,3,b
Kepler-1254,,,3,c
Kepler-1254,,,3,d
Kepler-1255,,,1,b
Kepler-1256,,,1,b
Kepler-1257,,,1,b
Kepler-1258,,,1,b
Kepler-1259,,,1,b
Kepler-1260,,,1,b
Kepler-1261,,,1,b
Kepler-1262,,,1,b
Kepler-1263,,,1,b
Kepler-1264,,,1,b
Kepler-1265,,,1,b
Kepler-1266,,,1,b
Kepler-1267,,,1,b
Kepler-1268,,,1,b
Kepler-436,,,2,c
Kepler-1269,,,1,b
Kepler-1270,,,1,b
Kepler-1271,,,1,b
Kepler-1272,,,1,b
Kepler-1273,,,1,b
Kepler-1274,,,1,b
Kepler-1354,,,1,b
Kepler-1355,,,1,b
Kepler-1356,,,1,b
Kepler-1357,,,1,b
Kepler-1358,,,1,b
Kepler-1359,,,1,b
Kepler-1360,,,1,b
Kepler-1361,,,1,b
Kepler-1362,,,1,b
Kepler-1363,,,1,b
Kepler-1364,,,1,b
Kepler-1365,,,2,b
Kepler-1365,,,2,c
Kepler-1366,,,1,b
Kepler-1367,,,1,b
Kepler-1368,,,1,b
Kepler-1369,,,1,b
Kepler-1370,,,2,b
Kepler-1370,,,2,c
Kepler-1371,,,2,b
Kepler-1371,,,2,c
Kepler-1372,,,1,b
Kepler-1373,,,1,b
Kepler-1374,,,1,b
Kepler-1375,,,1,b
Kepler-1376,,,1,b
Kepler-1377,,,1,b
Kepler-1378,,,1,b
Kepler-1379,,,1,b
Kepler-1380,,,1,b
Kepler-1096,,,1,b
Kepler-1097,,,1,b
Kepler-1098,,,1,b
Kepler-1099,,,1,b
Kepler-1100,,,1,b
Kepler-1101,,,1,b
Kepler-1102,,,1,b
Kepler-1103,,,1,b
Kepler-1104,,,1,b
Kepler-1105,,,1,b
Kepler-1106,,,1,b
Kepler-1107,,,1,b
Kepler-1108,,,1,b
Kepler-1109,,,1,b
Kepler-1110,,,1,b
Kepler-214,,,2,b
Kepler-214,,,2,c
Kepler-215,,,4,b
Kepler-215,,,4,c
Kepler-215,,,4,d
Kepler-215,,,4,e
Kepler-216,,,2,b
Kepler-216,,,2,c
Kepler-217,,,3,b
Kepler-217,,,3,c
Kepler-218,,,3,b
Kepler-218,,,3,c
Kepler-219,,,3,b
Kepler-567,,,1,b
Kepler-568,,,1,b
Kepler-569,,,1,b
Kepler-570,,,1,b
Kepler-166,,,3,d
Kepler-571,,,1,b
Kepler-572,,,1,b
Kepler-573,,,1,b
Kepler-574,,,1,b
Kepler-575,,,1,b
Kepler-576,,,1,b
Kepler-577,,,1,b
Kepler-578,,,1,b
Kepler-579,,,1,b
Kepler-80,,,5,f
Kepler-580,,,1,b
Kepler-581,,,1,b
Kepler-582,,,1,b
Kepler-507,,,1,b
Kepler-508,,,1,b
Kepler-509,,,1,b
Kepler-510,,,1,b
Kepler-132,,,4,e
Kepler-511,,,1,b
Kepler-512,,,1,b
Kepler-513,,,1,b
Kepler-514,,,1,b
Kepler-515,,,1,b
Kepler-516,,,1,b
Kepler-517,,,1,b
Kepler-518,,,1,b
Kepler-1381,,,1,b
Kepler-1382,,,1,b
Kepler-1383,,,1,b
Kepler-1384,,,1,b
Kepler-1385,,,1,b
Kepler-1386,,,1,b
Kepler-1387,,,1,b
Kepler-1388,,,4,b
Kepler-1388,,,4,c
Kepler-1388,,,4,d
Kepler-1388,,,4,e
Kepler-1389,,,1,b
Kepler-1390,,,1,b
Kepler-1391,,,1,b
Kepler-1392,,,1,b
Kepler-1393,,,1,b
Kepler-1394,,,1,b
Kepler-1395,,,1,b
Kepler-1396,,,1,b
Kepler-1397,,,1,b
Kepler-1398,,,2,b
Kepler-1398,,,2,c
Kepler-1399,,,1,b
Kepler-1400,,,1,b
Kepler-1401,,,1,b
Kepler-1402,,,1,b
Kepler-1403,,,1,b
Kepler-1404,,,1,b
Kepler-1405,,,1,b
Kepler-1406,,,1,b
Kepler-1407,,,1,b
Kepler-219,,,3,c
Kepler-219,,,3,d
Kepler-220,,,4,b
Kepler-220,,,4,c
Kepler-220,,,4,d
Kepler-220,,,4,e
Kepler-221,,,4,c
Kepler-221,,,4,d
Kepler-221,,,4,e
Kepler-222,,,3,b
Kepler-222,,,3,d
Kepler-223,,,4,b
Kepler-223,,,4,c
Kepler-223,,,4,e
Kepler-224,,,4,b
Kepler-224,,,4,c
Kepler-224,,,4,e
Kepler-225,,,2,b
Kepler-225,,,2,c
Kepler-226,,,3,b
Kepler-226,,,3,d
Kepler-227,,,2,b
Kepler-227,,,2,c
Kepler-228,,,3,c
Kepler-228,,,3,d
Kepler-221,,,4,b
Kepler-222,,,3,c
Kepler-223,,,4,d
Kepler-224,,,4,d
Kepler-226,,,3,c
Kepler-228,,,3,b
Kepler-229,,,3,c
Kepler-23,,,3,c
Kepler-231,,,2,b
Kepler-233,,,2,c
Kepler-235,,,4,c
Kepler-236,,,2,c
Kepler-24,,,4,d
HATS-17,,,1,b
TRAPPIST-1,,,3,b
TRAPPIST-1,,,3,c
TRAPPIST-1,,,3,d
K2-34,,,1,b
Kepler-461,,,1,b
Kepler-1408,,,1,b
Kepler-1409,,,1,b
Kepler-1410,,,1,b
Kepler-1411,,,1,b
Kepler-1412,,,1,b
Kepler-1413,,,1,b
Kepler-1414,,,1,b
Kepler-1415,,,1,b
Kepler-1416,,,1,b
Kepler-1417,,,1,b
Kepler-1418,,,1,b
Kepler-1419,,,1,b
Kepler-1420,,,1,b
Kepler-1421,,,1,b
Kepler-1422,,,1,b
Kepler-1423,,,1,b
Kepler-1424,,,1,b
Kepler-1425,,,1,b
Kepler-1426,,,1,b
Kepler-1427,,,1,b
WASP-76,,,1,b
WASP-90,,,1,b
Kepler-954,,,1,b
Kepler-955,,,1,b
Kepler-956,,,1,b
Kepler-957,,,1,b
Kepler-958,,,1,b
Kepler-959,,,1,b
Kepler-960,,,1,b
Kepler-961,,,1,b
Kepler-962,,,1,b
Kepler-229,,,3,b
Kepler-229,,,3,d
Kepler-230,,,2,b
Kepler-230,,,2,c
Kepler-231,,,2,c
Kepler-232,,,2,b
Kepler-232,,,2,c
Kepler-233,,,2,b
Kepler-234,,,2,b
Kepler-234,,,2,c
Kepler-235,,,4,b
Kepler-235,,,4,d
Kepler-235,,,4,e
Kepler-236,,,2,b
Kepler-237,,,2,b
K2-4,,,1,b
K2-5,,,2,b
K2-5,,,2,c
K2-6,,,1,b
K2-7,,,1,b
K2-8,,,2,b
K2-9,,,1,b
K2-19,,,3,b
K2-19,,,3,c
K2-10,,,1,b
K2-11,,,1,b
K2-12,,,1,b
K2-14,,,1,b
Kepler-462,,,1,b
Kepler-463,,,1,b
Kepler-464,,,1,b
Kepler-465,,,1,b
Kepler-466,,,2,b
Kepler-466,,,2,c
Kepler-467,,,1,b
Kepler-468,,,1,b
Kepler-470,,,1,b
Kepler-471,,,1,b
Kepler-472,,,1,b
Kepler-473,,,1,b
Kepler-474,,,1,b
Kepler-475,,,1,b
Kepler-476,,,1,b
Kepler-477,,,1,b
Kepler-478,,,1,b
Kepler-479,,,1,b
Kepler-480,,,1,b
Kepler-481,,,1,b
Kepler-482,,,1,b
Kepler-483,,,1,b
KIC 9663113,,,2,c
Kepler-484,,,1,b
Kepler-485,,,1,b
Kepler-486,,,1,b
Kepler-487,,,2,b
Kepler-487,,,2,c
Kepler-488,,,1,b
Kepler-489,,,1,b
Kepler-965,,,1,b
Kepler-966,,,1,b
Kepler-967,,,2,b
Kepler-963,,,1,b
Kepler-967,,,2,c
Kepler-964,,,1,b
Kepler-968,,,2,b
Kepler-968,,,2,c
Kepler-969,,,2,b
Kepler-969,,,2,c
Kepler-970,,,1,b
Kepler-971,,,1,b
Kepler-972,,,1,b
Kepler-973,,,1,b
Kepler-974,,,1,b
Kepler-975,,,1,b
Kepler-976,,,1,b
Kepler-977,,,1,b
Kepler-978,,,1,b
Kepler-979,,,1,b
Kepler-980,,,1,b
Kepler-981,,,1,b
Kepler-982,,,1,b
Kepler-983,,,1,b
Kepler-984,,,1,b
Kepler-985,,,1,b
Kepler-986,,,1,b
Kepler-987,,,1,b
Kepler-988,,,1,b
Kepler-989,,,1,b
K2-15,,,1,b
K2-16,,,2,b
K2-16,,,2,c
K2-17,,,1,b
K2-18,,,1,b
WASP-135,,,1,b
LkCa 15,,,2,b
LkCa 15,,,2,c
Kepler-454,,,2,b
Kepler-454,,,2,c
Kepler-1111,,,1,b
Kepler-1112,,,1,b
Kepler-1113,,,1,b
Kepler-1114,,,1,b
Kepler-1115,,,1,b
Kepler-1116,,,1,b
Kepler-1117,,,1,b
Kepler-1118,,,1,b
Kepler-1119,,,1,b
Kepler-1120,,,1,b
Kepler-1121,,,1,b
Kepler-1122,,,1,b
Kepler-1123,,,1,b
Kepler-1124,,,1,b
Kepler-1125,,,1,b
Kepler-1126,,,1,b
Kepler-1127,,,1,b
Kepler-1128,,,1,b
Kepler-1129,,,2,b
Kepler-490,,,1,b
Kepler-491,,,1,b
Kepler-492,,,1,b
Kepler-493,,,1,b
Kepler-494,,,1,b
Kepler-495,,,1,b
Kepler-496,,,1,b
Kepler-497,,,1,b
Kepler-498,,,1,b
Kepler-499,,,1,b
Kepler-500,,,1,b
Kepler-501,,,1,b
Kepler-502,,,1,b
Kepler-503,,,1,b
Kepler-504,,,1,b
Kepler-505,,,1,b
Kepler-506,,,1,b
Kepler-157,,,3,d
Kepler-555,,,1,b
Kepler-556,,,1,b
Kepler-557,,,1,b
Kepler-558,,,1,b
Kepler-559,,,1,b
Kepler-560,,,1,b
Kepler-561,,,2,b
Kepler-561,,,2,c
Kepler-562,,,1,b
Kepler-563,,,1,b
Kepler-564,,,1,b
Kepler-565,,,1,b
Kepler-566,,,1,b
Kepler-990,,,2,b
Kepler-990,,,2,c
Kepler-991,,,1,b
Kepler-992,,,1,b
Kepler-993,,,1,b
Kepler-994,,,1,b
Kepler-995,,,1,b
Kepler-996,,,1,b
Kepler-997,,,1,b
Kepler-998,,,1,b
Kepler-999,,,1,b
Kepler-1000,,,1,b
Kepler-1001,,,1,b
Kepler-1002,,,1,b
Kepler-1003,,,1,b
Kepler-1004,,,1,b
Kepler-1005,,,1,b
Kepler-1006,,,1,b
Kepler-1007,,,1,b
Kepler-1008,,,1,b
Kepler-1009,,,1,b
Kepler-1010,,,1,b
Kepler-1011,,,1,b
Kepler-1012,,,1,b
Kepler-1013,,,1,b
Kepler-1014,,,1,b
Kepler-1015,,,1,b
Kepler-1016,,,2,b
Kepler-1016,,,2,c
Kepler-1017,,,1,b
Kepler-1130,,,1,b
Kepler-1129,,,2,c
Kepler-1131,,,1,b
Kepler-1132,,,1,b
Kepler-1133,,,1,b
Kepler-1134,,,1,b
Kepler-1135,,,1,b
Kepler-1136,,,1,b
Kepler-1137,,,1,b
Kepler-1138,,,1,b
Kepler-1139,,,1,b
Kepler-1140,,,1,b
Kepler-1141,,,1,b
Kepler-1142,,,1,b
Kepler-1143,,,2,b
Kepler-1143,,,2,c
Kepler-1144,,,1,b
Kepler-1145,,,1,b
Kepler-1146,,,1,b
Kepler-1147,,,1,b
Kepler-1148,,,1,b
Kepler-1149,,,1,b
Kepler-1150,,,1,b
Kepler-1151,,,1,b
Kepler-1152,,,1,b
Kepler-1153,,,1,b
Kepler-1154,,,2,b
Kepler-1154,,,2,c
Kepler-1155,,,1,b
Kepler-1156,,,1,b
GJ 317,,,1,b
GJ 667 C,,,5,b
GJ 667 C,,,5,c
GJ 667 C,,,5,f
GJ 667 C,,,5,g
GJ 1214,,,1,b
GJ 3293,,,2,b
GJ 3293,,,2,c
GJ 3341,,,1,b
GJ 3634,,,1,b
Kepler-170,,,2,b
Kepler-170,,,2,c
Kepler-171,,,3,c
Kepler-171,,,3,d
Kepler-172,,,4,b
Kepler-172,,,4,c
Kepler-172,,,4,e
Kepler-173,,,2,b
Kepler-173,,,2,c
Kepler-174,,,3,c
Kepler-174,,,3,d
Kepler-175,,,2,b
Kepler-176,,,4,b
Kepler-176,,,4,c
Kepler-176,,,4,d
Kepler-177,,,2,c
Kepler-178,,,3,b
Kepler-178,,,3,c
Kepler-179,,,2,b
Kepler-179,,,2,c
Kepler-180,,,2,b
Kepler-180,,,2,c
Kepler-181,,,2,b
Kepler-181,,,2,c
Kepler-182,,,2,b
Kepler-182,,,2,c
GSC 06214-00210,,,1,b
HAT-P-3,,,1,b
HAT-P-5,,,1,b
HAT-P-6,,,1,b
HAT-P-8,,,1,b
HAT-P-9,,,1,b
HAT-P-12,,,1,b
HAT-P-13,,,2,b
HAT-P-14,,,1,b
HAT-P-15,,,1,b
HAT-P-16,,,1,b
HAT-P-17,,,2,b
HAT-P-18,,,1,b
BD+48 738,,,1,b
BD+49 828,,,1,b
CFBDSIR J145829+101343,,,1,b
CHXR 73,,,1,b
CoRoT-1,,,1,b
CoRoT-2,,,1,b
CoRoT-4,,,1,b
CoRoT-5,,,1,b
CoRoT-6,,,1,b
CoRoT-7,,,2,b
CoRoT-8,,,1,b
CoRoT-9,,,1,b
Kepler-183,,,2,b
Kepler-183,,,2,c
Kepler-184,,,3,b
Kepler-184,,,3,c
Kepler-184,,,3,d
Kepler-185,,,2,b
Kepler-185,,,2,c
Kepler-186,,,5,c
Kepler-186,,,5,d
Kepler-186,,,5,e
Kepler-187,,,2,b
Kepler-187,,,2,c
Kepler-188,,,2,b
Kepler-189,,,2,b
Kepler-189,,,2,c
Kepler-190,,,2,b
Kepler-190,,,2,c
Kepler-191,,,3,c
Kepler-192,,,3,b
Kepler-192,,,3,c
Kepler-193,,,2,c
Kepler-194,,,3,b
Kepler-194,,,3,c
Kepler-195,,,2,b
Kepler-195,,,2,c
Kepler-196,,,2,b
Kepler-18,,,3,c
Kepler-18,,,3,d
Kepler-19,,,2,b
Kepler-20,,,5,b
Kepler-20,,,5,c
Kepler-20,,,5,d
Kepler-20,,,5,f
CoRoT-10,,,1,b
CoRoT-12,,,1,b
CoRoT-13,,,1,b
CoRoT-14,,,1,b
CoRoT-16,,,1,b
CoRoT-18,,,1,b
CoRoT-19,,,1,b
CoRoT-22,,,1,b
CoRoT-23,,,1,b
CoRoT-24,,,2,c
CoRoT-25,,,1,b
CoRoT-27,,,1,b
CoRoT-28,,,1,b
CoRoT-29,,,1,b
HAT-P-19,,,1,b
HAT-P-21,,,1,b
HAT-P-22,HD 233731,,1,b
HAT-P-23,,,1,b
HAT-P-24,,,1,b
HAT-P-25,,,1,b
HAT-P-26,,,1,b
HAT-P-27,,,1,b
HAT-P-28,,,1,b
HAT-P-29,,,1,b
HAT-P-30,,,1,b
Kepler-197,,,4,b
Kepler-197,,,4,c
Kepler-197,,,4,d
Kepler-197,,,4,e
Kepler-198,,,3,c
Kepler-199,,,2,b
Kepler-199,,,2,c
Kepler-200,,,2,c
Kepler-201,,,2,b
Kepler-201,,,2,c
Kepler-203,,,3,b
Kepler-203,,,3,c
Kepler-203,,,3,d
Kepler-204,,,2,c
Kepler-205,,,2,b
Kepler-205,,,2,c
Kepler-206,,,3,c
Kepler-206,,,3,d
Kepler-207,,,3,b
Kepler-207,,,3,d
Kepler-208,,,4,b
Kepler-208,,,4,c
Kepler-208,,,4,e
Kepler-209,,,2,b
Kepler-209,,,2,c
Kepler-22,,,1,b
Kepler-23,,,3,b
Kepler-23,,,3,d
Kepler-24,,,4,b
Kepler-24,,,4,c
Kepler-24,,,4,e
Kepler-25,,,3,b
Kepler-25,,,3,c
Kepler-26,,,4,b
Kepler-26,,,4,e
Kepler-27,,,2,b
Kepler-27,,,2,c
Kepler-28,,,2,c
Kepler-29,,,2,b
Kepler-29,,,2,c
Kepler-30,,,3,c
Kepler-30,,,3,d
Kepler-31,,,3,b
Kepler-31,,,3,c
Kepler-32,,,5,b
Kepler-32,,,5,c
Kepler-32,,,5,d
Kepler-32,,,5,f
Kepler-33,,,5,b
Kepler-33,,,5,c
HAT-P-31,,,1,b
HAT-P-32,,,1,b
HAT-P-33,,,1,b
HAT-P-34,HD 351766,,1,b
Kepler-115,,,2,b
Kepler-115,,,2,c
Kepler-116,,,2,b
Kepler-117,,,2,b
Kepler-117,,,2,c
Kepler-118,,,2,b
Kepler-118,,,2,c
Kepler-119,,,2,c
Kepler-120,,,2,b
Kepler-120,,,2,c
Kepler-121,,,2,c
Kepler-122,,,5,b
Kepler-122,,,5,c
Kepler-122,,,5,e
Kepler-122,,,5,f
Kepler-123,,,2,b
Kepler-123,,,2,c
Kepler-124,,,3,c
Kepler-124,,,3,d
Kepler-125,,,2,b
Kepler-126,,,3,b
Kepler-126,,,3,c
Kepler-210,,,2,b
Kepler-211,,,2,b
Kepler-211,,,2,c
Kepler-212,,,2,b
Kepler-213,,,2,b
Kepler-213,,,2,c
HAT-P-36,,,1,b
HAT-P-37,,,1,b
HAT-P-38,,,1,b
HAT-P-39,,,1,b
HAT-P-40,,,1,b
HAT-P-41,,,1,b
HAT-P-42,,,1,b
HAT-P-43,,,1,b
HAT-P-44,,,2,b
HAT-P-44,,,2,c
HAT-P-45,,,1,b
HAT-P-46,,,1,b
HAT-P-54,,,1,b
HATS-2,,,1,b
HATS-3,,,1,b
HATS-5,,,1,b
HATS-6,,,1,b
K2-3,,,3,c
KELT-1,,,1,b
KELT-6,,,2,b
TrES-2,,,1,b
HAT-P-7,,,1,b
Kepler-5,,,1,b
Kepler-6,,,1,b
Kepler-7,,,1,b
Kepler-9,,,3,b
Kepler-9,,,3,c
Kepler-9,,,3,d
Kepler-10,,,2,c
Kepler-11,,,6,b
Kepler-11,,,6,c
Kepler-11,,,6,d
Kepler-126,,,3,d
Kepler-127,,,3,c
Kepler-127,,,3,d
Kepler-128,,,2,b
Kepler-129,,,2,b
Kepler-129,,,2,c
Kepler-130,,,3,b
Kepler-130,,,3,d
Kepler-131,,,2,b
Kepler-132,,,4,b
Kepler-132,,,4,d
Kepler-133,,,2,b
Kepler-133,,,2,c
Kepler-134,,,2,b
Kepler-135,,,2,b
Kepler-135,,,2,c
Kepler-136,,,2,b
Kepler-137,,,2,b
Kepler-137,,,2,c
Kepler-138,,,3,b
Kepler-138,,,3,d
Kepler-139,,,2,b
Kepler-139,,,2,c
Kepler-140,,,2,c
Kepler-141,,,2,b
Kepler-141,,,2,c
Kepler-11,,,6,f
Kepler-11,,,6,g
Kepler-12,,,1,b
KOI-13,,,1,b
Kepler-15,,,1,b
Kepler-16,,,1,b
Kepler-17,,,1,b
Kepler-33,,,5,d
Kepler-33,,,5,e
Kepler-33,,,5,f
Kepler-34,,,1,b
Kepler-35,,,1,b
Kepler-36,,,2,b
Kepler-36,,,2,c
Kepler-37,,,4,b
Kepler-37,,,4,c
Kepler-37,,,4,d
Kepler-38,,,1,b
Kepler-39,,,1,b
Kepler-41,,,1,b
Kepler-42,,,3,b
Kepler-42,,,3,c
Kepler-42,,,3,d
Kepler-44,,,1,b
Kepler-45,,,1,b
Kepler-142,,,3,c
Kepler-142,,,3,d
Kepler-143,,,2,b
Kepler-143,,,2,c
Kepler-144,,,2,b
Kepler-144,,,2,c
Kepler-145,,,2,b
Kepler-145,,,2,c
Kepler-146,,,2,b
Kepler-146,,,2,c
Kepler-147,,,2,b
Kepler-147,,,2,c
Kepler-148,,,3,b
Kepler-148,,,3,c
Kepler-149,,,3,b
Kepler-149,,,3,c
Kepler-149,,,3,d
Kepler-150,,,4,b
Kepler-150,,,4,d
Kepler-150,,,4,e
Kepler-151,,,2,b
Kepler-152,,,2,b
Kepler-152,,,2,c
Kepler-153,,,2,b
Kepler-153,,,2,c
Kepler-154,,,5,c
HD 10442,HD 10442,,1,b
Kepler-46,,,3,b
Kepler-46,,,3,d
Kepler-47,,,2,b
Kepler-47,,,2,c
Kepler-48,,,4,c
Kepler-48,,,4,d
Kepler-48,,,4,e
Kepler-49,,,4,b
Kepler-49,,,4,d
Kepler-49,,,4,e
Kepler-50,,,2,b
Kepler-51,,,3,b
Kepler-51,,,3,c
Kepler-51,,,3,d
Kepler-52,,,3,c
Kepler-52,,,3,d
Kepler-53,,,3,b
Kepler-53,,,3,d
Kepler-54,,,3,b
Kepler-54,,,3,c
Kepler-54,,,3,d
Kepler-55,,,5,c
Kepler-55,,,5,d
Kepler-55,,,5,e
Kepler-56,,,2,b
Kepler-56,,,2,c

